number of rooms,number of bathrooms,area,floor,age,Price
3,3,165.0,Ground Floor,0 - 1,125000
3,2,120.0,Ground Floor,6 - 9,45000
2,2,100.0,Third Floor,6 - 9,38000
3,3,165.0,Ground Floor,0 - 1,83000
3,3,56.0,Ground Floor,1 - 5,79000
1,2,58.0,First Floor,6 - 9,39000
1,1,58.0,First Floor,1 - 5,45000
2,1,60.0,Basement,6 - 9,25000
2,1,60.0,Third Floor,10 - 19,35000
2,1,60.0,Third Floor,10 - 19,35000
2,1,60.0,Third Floor,6 - 9,45000
1,1,61.0,Ground Floor,1 - 5,45000
2,1,62.0,Basement,1 - 5,25000
2,1,62.0,Basement,6 - 9,25000
2,1,62.0,Basement,1 - 5,25000
1,1,70.0,First Floor,6 - 9,65000
1,2,70.0,Second Floor,6 - 9,47000
1,1,71.0,Basement,1 - 5,29500
1,1,73.0,Third Floor,6 - 9,57000
2,2,74.0,Fourth Floor,6 - 9,36000
2,1,75.0,Third Floor,10 - 19,29000
2,2,75.0,First Floor,10 - 19,37000
1,2,75.0,Third Floor,1 - 5,57000
1,2,75.0,First Floor,1 - 5,57000
1,2,77.0,First Floor,6 - 9,55000
2,2,78.0,Second Floor,6 - 9,35000
1,2,78.0,Third Floor,6 - 9,56000
2,1,78.0,First Floor,6 - 9,60000
2,2,79.0,First Floor,6 - 9,39000
2,2,80.0,Second Floor,1 - 5,37000
2,2,80.0,Second Floor,1 - 5,37000
2,2,80.0,Third Floor,6 - 9,29000
2,2,80.0,First Floor,10 - 19,32000
2,2,80.0,Second Floor,10 - 19,33000
2,2,80.0,Basement,6 - 9,35000
2,2,80.0,Ground Floor,6 - 9,42000
2,2,80.0,Ground Floor,1 - 5,45000
2,2,80.0,First Floor,1 - 5,45000
2,2,80.0,First Floor,6 - 9,49000
2,2,80.0,Ground Floor,6 - 9,58000
1,1,80.0,Ground Floor,6 - 9,59000
2,2,81.0,Second Floor,6 - 9,29500
2,2,81.0,First Floor,6 - 9,35000
1,1,82.0,Third Floor,6 - 9,61000
1,2,82.0,Basement,6 - 9,50000
1,1,83.0,First Floor,1 - 5,60000
2,2,83.0,Second Floor,0 - 1,80000
1,1,84.0,Second Floor,6 - 9,55000
2,2,85.0,Ground Floor,0 - 1,43000
1,1,85.0,Ground Floor,10 - 19,50000
2,2,85.0,Second Floor,6 - 9,29500
2,2,85.0,Third Floor,6 - 9,36000
2,2,85.0,Third Floor,10 - 19,40000
2,2,85.0,Ground Floor,6 - 9,47000
2,2,85.0,Ground Floor,1 - 5,49000
1,1,85.0,First Floor,1 - 5,50000
2,2,85.0,Ground Floor,1 - 5,58000
2,2,87.0,Third Floor,6 - 9,38500
2,2,88.0,Basement,6 - 9,36000
2,1,88.0,First Floor,10 - 19,32000
1,2,90.0,Ground Floor,6 - 9,50000
1,2,90.0,Ground Floor,6 - 9,50000
1,3,90.0,Third Floor,6 - 9,65000
2,2,90.0,Third Floor,6 - 9,35000
1,1,90.0,Basement,6 - 9,23500
2,2,90.0,Second Floor,6 - 9,37000
1,1,90.0,Ground Floor,6 - 9,56500
1,1,90.0,Ground Floor,6 - 9,35000
2,2,90.0,First Floor,10 - 19,40000
2,2,90.0,Ground Floor,1 - 5,29000
2,2,90.0,Basement,6 - 9,36000
2,2,90.0,Second Floor,6 - 9,36000
2,2,90.0,Third Floor,10 - 19,37000
2,2,90.0,Third Floor,6 - 9,37000
2,2,90.0,First Floor,6 - 9,38000
2,2,90.0,Ground Floor,10 - 19,38000
1,2,90.0,Second Floor,6 - 9,47000
2,2,90.0,Second Floor,6 - 9,38000
2,2,90.0,Ground Floor,6 - 9,40000
3,2,90.0,Second Floor,6 - 9,42000
2,2,90.0,Ground Floor,0 - 1,43000
2,2,90.0,Ground Floor,0 - 1,43000
2,2,90.0,Ground Floor,0 - 1,43000
2,2,90.0,Ground Floor,0 - 1,43000
2,2,90.0,Ground Floor,0 - 1,43000
2,2,90.0,Third Floor,6 - 9,49000
1,2,90.0,First Floor,6 - 9,55000
1,2,90.0,Basement,6 - 9,55000
2,2,90.0,Third Floor,10 - 19,55000
2,2,90.0,Basement,1 - 5,29000
1,2,90.0,Ground Floor,1 - 5,56800
3,2,90.0,Third Floor,6 - 9,57000
2,2,90.0,Ground Floor,6 - 9,60000
2,2,90.0,First Floor,10 - 19,40000
2,2,90.0,Ground Floor,1 - 5,50000
3,3,90.0,Third Floor,0 - 1,66000
1,3,90.0,Third Floor,1 - 5,67000
1,2,90.0,Third Floor,1 - 5,60000
2,2,90.0,Basement,6 - 9,45000
2,2,91.0,Second Floor,0 - 1,75000
1,3,91.0,Ground Floor,10 - 19,38000
1,3,91.0,First Floor,6 - 9,67000
2,2,91.0,Second Floor,0 - 1,75000
2,2,91.0,Second Floor,0 - 1,85000
3,2,92.0,First Floor,10 - 19,37000
2,2,92.0,Ground Floor,6 - 9,40000
2,3,92.0,First Floor,6 - 9,42000
1,3,92.0,Basement,6 - 9,57000
1,3,92.0,Second Floor,1 - 5,67000
3,3,92.0,Fourth Floor,10 - 19,68000
3,3,92.0,Fourth Floor,10 - 19,68000
1,1,92.0,First Floor,6 - 9,51000
3,2,93.0,First Floor,6 - 9,47000
2,2,93.0,Ground Floor,6 - 9,46000
2,2,93.0,Ground Floor,6 - 9,46000
3,2,94.0,First Floor,6 - 9,45000
2,2,94.0,Second Floor,6 - 9,34000
3,2,95.0,Ground Floor,6 - 9,55000
3,2,95.0,Third Floor,6 - 9,54000
2,2,95.0,Basement,1 - 5,39000
2,2,95.0,Third Floor,6 - 9,40000
2,2,95.0,Basement,10 - 19,40000
2,2,95.0,Ground Floor,10 - 19,50000
1,2,95.0,Second Floor,1 - 5,55000
1,1,95.0,Ground Floor,6 - 9,45000
2,2,96.0,First Floor,10 - 19,40000
2,2,96.0,First Floor,10 - 19,50000
2,2,97.0,Ground Floor,6 - 9,51000
2,2,98.0,Third Floor,6 - 9,42000
2,2,98.0,Third Floor,10 - 19,49000
2,2,99.0,Third Floor,10 - 19,40000
2,2,99.0,Third Floor,10 - 19,40000
3,2,100.0,Basement,6 - 9,47000
2,2,100.0,Second Floor,10 - 19,50000
3,2,100.0,First Floor,10 - 19,46000
3,3,100.0,First Floor,10 - 19,70000
2,2,100.0,Second Floor,6 - 9,35500
2,2,100.0,First Floor,6 - 9,44000
2,2,100.0,First Floor,10 - 19,37000
3,2,100.0,Second Floor,10 - 19,39000
2,2,100.0,Third Floor,6 - 9,30000
2,2,100.0,Third Floor,6 - 9,35000
2,2,100.0,Third Floor,6 - 9,37000
2,2,100.0,Third Floor,6 - 9,37000
2,2,100.0,Third Floor,10 - 19,37000
2,2,100.0,Third Floor,6 - 9,39000
2,2,100.0,Third Floor,6 - 9,39000
2,2,100.0,Third Floor,6 - 9,39000
2,2,100.0,Third Floor,6 - 9,39000
2,2,100.0,Ground Floor,6 - 9,39000
2,2,100.0,Ground Floor,6 - 9,50000
2,2,100.0,Third Floor,10 - 19,43000
3,2,100.0,Basement,6 - 9,45000
3,2,100.0,Second Floor,6 - 9,45000
1,2,100.0,Ground Floor,6 - 9,50000
2,2,100.0,First Floor,6 - 9,52000
2,2,100.0,Second Floor,6 - 9,35500
2,2,100.0,Third Floor,10 - 19,36500
1,1,100.0,First Floor,6 - 9,65000
2,2,100.0,Basement,0 - 1,65000
2,2,100.0,Fourth Floor,10 - 19,45000
2,2,100.0,Second Floor,10 - 19,34000
2,2,100.0,Third Floor,10 - 19,36000
2,2,100.0,Ground Floor,10 - 19,49000
1,2,101.0,Third Floor,10 - 19,42000
3,2,101.0,First Floor,10 - 19,45000
3,2,102.0,First Floor,10 - 19,63000
3,2,104.0,Ground Floor,6 - 9,54000
3,2,104.0,Ground Floor,6 - 9,53000
2,2,105.0,Second Floor,10 - 19,47000
2,2,105.0,Third Floor,6 - 9,50000
1,3,105.0,Ground Floor,10 - 19,80000
2,2,108.0,Second Floor,10 - 19,59000
2,2,110.0,Basement,0 - 1,42000
3,2,110.0,Basement,10 - 19,60000
2,2,110.0,Basement,0 - 1,42000
2,2,110.0,Basement,0 - 1,42000
2,2,110.0,Basement,0 - 1,39000
3,3,110.0,First Floor,0 - 1,88000
3,3,110.0,First Floor,0 - 1,88000
3,3,110.0,First Floor,0 - 1,88000
3,3,110.0,First Floor,0 - 1,88000
3,3,110.0,Second Floor,0 - 1,81000
1,1,110.0,Ground Floor,10 - 19,50000
2,2,110.0,Basement,0 - 1,39000
2,2,110.0,Basement,0 - 1,39000
2,2,110.0,Basement,0 - 1,42000
2,2,110.0,Basement,0 - 1,42000
2,2,110.0,Basement,0 - 1,42000
2,2,110.0,Basement,0 - 1,42000
2,2,110.0,Basement,0 - 1,42000
2,2,110.0,Basement,0 - 1,42000
2,2,110.0,Basement,0 - 1,42000
2,2,110.0,Basement,0 - 1,42000
2,2,110.0,Basement,0 - 1,42000
2,2,110.0,Basement,0 - 1,42000
3,2,110.0,Third Floor,6 - 9,48000
3,2,110.0,Third Floor,6 - 9,48000
2,2,110.0,Ground Floor,10 - 19,49000
3,2,110.0,Third Floor,1 - 5,50000
3,2,110.0,First Floor,6 - 9,50000
3,2,110.0,Third Floor,1 - 5,51000
3,2,110.0,Third Floor,1 - 5,51000
2,2,110.0,First Floor,10 - 19,55000
3,2,110.0,Ground Floor,6 - 9,57000
2,2,110.0,Ground Floor,6 - 9,54300
2,2,110.0,Third Floor,6 - 9,50000
2,2,110.0,First Floor,1 - 5,57500
3,2,110.0,Basement,0 - 1,59000
3,2,110.0,First Floor,10 - 19,35000
1,4,110.0,Fourth Floor,6 - 9,88000
3,3,110.0,Second Floor,0 - 1,81000
3,2,110.0,First Floor,6 - 9,42000
4,3,111.0,Ground Floor,1 - 5,75000
3,2,112.0,Second Floor,0 - 1,56000
2,2,112.0,Second Floor,6 - 9,60000
3,2,112.0,Ground Floor,0 - 1,93000
3,2,112.0,Second Floor,0 - 1,56000
3,2,112.0,Second Floor,0 - 1,56000
3,3,112.0,First Floor,0 - 1,88000
3,2,112.0,First Floor,0 - 1,65000
3,2,112.0,First Floor,10 - 19,42000
2,2,112.0,First Floor,10 - 19,48000
2,2,112.0,First Floor,10 - 19,55000
3,2,112.0,First Floor,0 - 1,66000
2,2,112.0,Ground Floor,6 - 9,55000
3,2,113.0,Second Floor,6 - 9,46500
3,3,115.0,Second Floor,0 - 1,56000
3,3,115.0,First Floor,0 - 1,88000
3,3,115.0,First Floor,0 - 1,88000
3,3,115.0,First Floor,0 - 1,88000
3,3,115.0,Second Floor,0 - 1,81000
3,3,115.0,Third Floor,0 - 1,97000
3,3,115.0,Third Floor,0 - 1,97000
3,3,115.0,First Floor,0 - 1,88000
3,3,115.0,Ground Floor,0 - 1,100000
3,3,115.0,Third Floor,0 - 1,97000
3,3,115.0,Third Floor,0 - 1,97000
3,3,115.0,Second Floor,0 - 1,81000
3,3,115.0,First Floor,0 - 1,88000
3,3,115.0,Ground Floor,0 - 1,100000
2,2,115.0,Second Floor,0 - 1,75000
3,3,115.0,Second Floor,0 - 1,81000
3,3,115.0,First Floor,0 - 1,56000
1,1,115.0,Ground Floor,1 - 5,45000
1,1,115.0,Ground Floor,1 - 5,45000
3,2,115.0,First Floor,0 - 1,65000
3,3,115.0,First Floor,0 - 1,88000
3,3,115.0,First Floor,0 - 1,88000
3,2,115.0,Ground Floor,0 - 1,93000
3,2,115.0,First Floor,0 - 1,65000
3,2,115.0,First Floor,0 - 1,65000
3,3,115.0,First Floor,0 - 1,88000
3,2,115.0,Second Floor,0 - 1,56000
3,2,115.0,First Floor,0 - 1,65000
3,3,115.0,First Floor,0 - 1,88000
3,2,115.0,Ground Floor,0 - 1,93000
3,2,115.0,First Floor,0 - 1,65000
3,2,115.0,First Floor,0 - 1,65000
3,2,115.0,First Floor,0 - 1,65000
3,2,115.0,Second Floor,0 - 1,56000
3,3,115.0,Ground Floor,0 - 1,100000
3,3,115.0,Third Floor,0 - 1,53000
3,3,115.0,Third Floor,0 - 1,53000
3,2,115.0,Second Floor,6 - 9,55000
3,2,115.0,Ground Floor,6 - 9,55000
3,2,115.0,Third Floor,6 - 9,55000
3,2,115.0,Second Floor,0 - 1,56000
3,3,115.0,Second Floor,0 - 1,56000
2,2,115.0,Second Floor,0 - 1,56000
2,2,115.0,Second Floor,0 - 1,56000
3,3,115.0,Second Floor,0 - 1,56000
3,3,115.0,Second Floor,0 - 1,56000
3,3,115.0,Second Floor,0 - 1,56000
3,3,115.0,Second Floor,0 - 1,56000
3,3,115.0,Second Floor,0 - 1,56000
3,3,115.0,Second Floor,0 - 1,56000
3,2,115.0,Second Floor,0 - 1,56000
3,3,115.0,Second Floor,0 - 1,56000
3,3,115.0,Second Floor,0 - 1,56000
3,3,115.0,First Floor,0 - 1,56000
3,3,115.0,First Floor,0 - 1,56000
3,3,115.0,First Floor,0 - 1,56000
3,3,115.0,First Floor,0 - 1,56000
3,3,115.0,First Floor,0 - 1,56000
3,3,115.0,First Floor,1 - 5,74000
3,3,115.0,Second Floor,0 - 1,60000
3,3,115.0,Second Floor,0 - 1,60000
3,3,115.0,Second Floor,0 - 1,60000
3,2,115.0,Second Floor,0 - 1,66000
3,2,115.0,First Floor,0 - 1,66000
3,3,115.0,Ground Floor,0 - 1,66000
3,3,115.0,First Floor,0 - 1,68000
3,3,116.0,Ground Floor,0 - 1,100000
3,3,116.0,Second Floor,0 - 1,81000
3,2,116.0,First Floor,10 - 19,44000
3,2,116.0,First Floor,6 - 9,50000
3,2,116.0,Second Floor,10 - 19,60000
3,2,116.0,First Floor,10 - 19,55000
3,3,117.0,Basement,0 - 1,96000
3,3,117.0,First Floor,10 - 19,43000
3,2,117.0,Third Floor,0 - 1,48500
2,2,118.0,First Floor,10 - 19,40000
3,3,118.0,Ground Floor,1 - 5,100000
3,2,118.0,Second Floor,6 - 9,43000
3,2,119.0,First Floor,0 - 1,65000
3,2,119.0,Second Floor,0 - 1,56000
3,3,119.0,First Floor,0 - 1,88000
3,2,119.0,Second Floor,0 - 1,56000
3,2,119.0,First Floor,0 - 1,65000
3,2,119.0,First Floor,0 - 1,65000
3,2,119.0,First Floor,0 - 1,65000
3,2,119.0,Ground Floor,0 - 1,93000
3,2,119.0,First Floor,0 - 1,65000
3,2,119.0,Second Floor,0 - 1,56000
3,2,119.0,First Floor,0 - 1,65000
3,2,119.0,First Floor,0 - 1,65000
3,2,119.0,First Floor,0 - 1,65000
3,2,119.0,First Floor,10 - 19,37000
3,2,119.0,First Floor,10 - 19,47000
3,3,119.0,Ground Floor,0 - 1,100000
3,2,120.0,First Floor,0 - 1,46000
3,2,120.0,Ground Floor,6 - 9,55000
2,2,120.0,First Floor,10 - 19,39000
3,3,120.0,Ground Floor,0 - 1,100000
3,2,120.0,First Floor,10 - 19,25000
3,3,120.0,First Floor,0 - 1,88000
3,3,120.0,First Floor,0 - 1,88000
3,3,120.0,First Floor,0 - 1,88000
3,3,120.0,First Floor,0 - 1,88000
3,3,120.0,First Floor,0 - 1,88000
3,3,120.0,First Floor,0 - 1,88000
3,3,120.0,First Floor,0 - 1,88000
3,3,120.0,Ground Floor,0 - 1,100000
3,3,120.0,Ground Floor,0 - 1,100000
3,3,120.0,Ground Floor,0 - 1,100000
3,3,120.0,Ground Floor,0 - 1,100000
3,3,120.0,Basement,0 - 1,96000
3,3,120.0,Ground Floor,0 - 1,100000
3,3,120.0,Second Floor,0 - 1,81000
3,2,120.0,Third Floor,10 - 19,40000
3,3,120.0,First Floor,0 - 1,88000
3,3,120.0,Ground Floor,0 - 1,100000
3,3,120.0,First Floor,0 - 1,88000
3,3,120.0,Ground Floor,0 - 1,100000
3,3,120.0,Ground Floor,0 - 1,100000
3,3,120.0,Ground Floor,0 - 1,100000
3,3,120.0,First Floor,1 - 5,74000
3,2,120.0,Ground Floor,0 - 1,93000
3,3,120.0,Ground Floor,0 - 1,100000
3,3,120.0,Ground Floor,0 - 1,100000
3,2,120.0,Ground Floor,0 - 1,93000
3,2,120.0,Third Floor,0 - 1,48500
3,2,120.0,Third Floor,0 - 1,48500
3,2,120.0,First Floor,0 - 1,65000
3,3,120.0,First Floor,0 - 1,88000
3,2,120.0,First Floor,0 - 1,65000
3,3,120.0,Ground Floor,0 - 1,100000
3,3,120.0,Ground Floor,0 - 1,100000
3,2,120.0,Ground Floor,0 - 1,93000
3,2,120.0,Ground Floor,0 - 1,93000
3,2,120.0,Ground Floor,0 - 1,93000
3,2,120.0,Ground Floor,0 - 1,93000
3,3,120.0,Ground Floor,0 - 1,100000
3,3,120.0,Ground Floor,0 - 1,100000
3,2,120.0,Ground Floor,0 - 1,93000
3,2,120.0,Ground Floor,0 - 1,93000
3,3,120.0,Ground Floor,0 - 1,100000
3,3,120.0,First Floor,0 - 1,88000
3,2,120.0,First Floor,0 - 1,65000
3,3,120.0,Ground Floor,0 - 1,100000
3,3,120.0,Ground Floor,0 - 1,100000
3,3,120.0,Ground Floor,0 - 1,100000
3,3,120.0,First Floor,0 - 1,88000
3,3,120.0,Ground Floor,0 - 1,100000
3,3,120.0,Ground Floor,0 - 1,100000
3,3,120.0,Ground Floor,0 - 1,100000
3,3,120.0,Ground Floor,0 - 1,100000
3,3,120.0,Ground Floor,0 - 1,100000
3,3,120.0,Ground Floor,0 - 1,100000
3,3,120.0,Ground Floor,0 - 1,100000
3,3,120.0,Ground Floor,0 - 1,100000
3,3,120.0,Ground Floor,0 - 1,100000
3,3,120.0,Second Floor,0 - 1,81000
3,3,120.0,Ground Floor,0 - 1,100000
3,3,120.0,First Floor,0 - 1,88000
3,3,120.0,First Floor,0 - 1,88000
3,3,120.0,Ground Floor,0 - 1,100000
3,3,120.0,First Floor,0 - 1,88000
3,3,120.0,Ground Floor,0 - 1,100000
3,3,120.0,Ground Floor,0 - 1,100000
3,2,120.0,First Floor,0 - 1,65000
3,2,120.0,First Floor,0 - 1,65000
3,2,120.0,First Floor,0 - 1,65000
3,3,120.0,Ground Floor,0 - 1,100000
3,2,120.0,Ground Floor,0 - 1,93000
3,3,120.0,First Floor,0 - 1,67000
3,2,120.0,Ground Floor,0 - 1,93000
3,3,120.0,Ground Floor,0 - 1,100000
3,3,120.0,Ground Floor,0 - 1,100000
3,3,120.0,Ground Floor,0 - 1,100000
3,3,120.0,Ground Floor,0 - 1,100000
3,3,120.0,Ground Floor,0 - 1,100000
3,3,120.0,Ground Floor,0 - 1,100000
3,3,120.0,Ground Floor,0 - 1,100000
3,2,120.0,First Floor,0 - 1,65000
3,3,120.0,Ground Floor,0 - 1,100000
3,3,120.0,Ground Floor,0 - 1,100000
3,2,120.0,Ground Floor,0 - 1,93000
3,2,120.0,Ground Floor,0 - 1,93000
3,3,120.0,Ground Floor,0 - 1,100000
3,3,120.0,First Floor,0 - 1,88000
3,2,120.0,First Floor,6 - 9,65000
3,2,120.0,First Floor,10 - 19,34000
3,3,120.0,Semi-Ground Floor,6 - 9,39000
3,2,120.0,Ground Floor,6 - 9,39000
3,2,120.0,Ground Floor,6 - 9,39000
3,2,120.0,Ground Floor,6 - 9,39000
3,2,120.0,Ground Floor,6 - 9,39000
3,2,120.0,Ground Floor,6 - 9,39000
3,2,120.0,Ground Floor,6 - 9,39000
3,2,120.0,First Floor,10 - 19,40000
3,2,120.0,Ground Floor,6 - 9,42000
3,2,120.0,Ground Floor,6 - 9,42000
3,2,120.0,First Floor,6 - 9,45000
3,2,120.0,First Floor,6 - 9,45000
3,2,120.0,First Floor,6 - 9,45000
3,2,120.0,First Floor,10 - 19,46000
3,2,120.0,First Floor,10 - 19,46000
3,2,120.0,First Floor,6 - 9,47000
3,3,120.0,Third Floor,0 - 1,53000
3,3,120.0,Third Floor,0 - 1,53000
3,2,120.0,Third Floor,6 - 9,53000
3,2,120.0,First Floor,1 - 5,55000
3,2,120.0,First Floor,10 - 19,55000
3,3,120.0,Basement,0 - 1,55000
3,3,120.0,Ground Floor,0 - 1,59000
3,2,120.0,Third Floor,6 - 9,60000
1,1,120.0,Basement,6 - 9,23500
3,2,120.0,Ground Floor,1 - 5,60000
3,3,120.0,Second Floor,0 - 1,60000
3,3,120.0,First Floor,0 - 1,60000
3,3,120.0,First Floor,0 - 1,60000
3,2,120.0,First Floor,0 - 1,60000
3,2,120.0,First Floor,0 - 1,60000
3,2,120.0,Third Floor,6 - 9,60000
3,2,120.0,First Floor,0 - 1,60000
3,2,120.0,First Floor,0 - 1,65000
3,3,120.0,First Floor,0 - 1,67000
2,2,120.0,First Floor,6 - 9,44000
2,2,120.0,Second Floor,10 - 19,52000
3,2,120.0,Ground Floor,10 - 19,67000
4,3,120.0,Second Floor,10 - 19,85000
3,2,120.0,First Floor,10 - 19,43000
3,3,121.0,Basement,1 - 5,91500
3,2,121.0,Ground Floor,0 - 1,93000
3,2,121.0,Ground Floor,0 - 1,93000
3,3,121.0,Basement,1 - 5,91500
3,3,121.0,Ground Floor,0 - 1,100000
3,3,121.0,Ground Floor,0 - 1,100000
3,2,122.0,Third Floor,10 - 19,65000
2,2,122.0,Ground Floor,0 - 1,43000
3,2,122.0,Third Floor,10 - 19,65000
1,2,122.0,Second Floor,0 - 1,70000
3,3,122.0,Third Floor,0 - 1,95000
3,3,123.0,Basement,1 - 5,91500
3,3,123.0,Ground Floor,0 - 1,100000
3,3,123.0,First Floor,0 - 1,88000
3,3,123.0,First Floor,0 - 1,88000
3,2,123.0,Third Floor,10 - 19,51000
3,3,123.0,Ground Floor,0 - 1,100000
3,3,123.0,Ground Floor,0 - 1,100000
3,3,123.0,Ground Floor,0 - 1,100000
3,3,123.0,Ground Floor,0 - 1,100000
3,3,123.0,First Floor,6 - 9,73000
3,2,123.0,Third Floor,10 - 19,52000
3,2,123.0,Third Floor,10 - 19,55000
1,1,123.0,Second Floor,0 - 1,67000
3,3,124.0,Second Floor,6 - 9,64000
3,3,124.0,Basement,6 - 9,75000
3,3,124.0,Basement,10 - 19,78000
3,3,125.0,Ground Floor,0 - 1,100000
3,3,125.0,Ground Floor,0 - 1,100000
3,3,125.0,Ground Floor,0 - 1,100000
3,3,125.0,Ground Floor,0 - 1,100000
3,3,125.0,Ground Floor,0 - 1,100000
3,3,125.0,First Floor,0 - 1,88000
3,3,125.0,First Floor,0 - 1,88000
3,3,125.0,Second Floor,0 - 1,81000
3,3,125.0,Second Floor,0 - 1,81000
3,3,125.0,Second Floor,0 - 1,81000
3,3,125.0,First Floor,0 - 1,88000
3,3,125.0,First Floor,0 - 1,88000
3,3,125.0,First Floor,0 - 1,88000
3,3,125.0,First Floor,0 - 1,88000
3,3,125.0,Second Floor,0 - 1,81000
3,3,125.0,Second Floor,0 - 1,81000
3,3,125.0,First Floor,0 - 1,88000
3,2,125.0,Ground Floor,0 - 1,93000
3,2,125.0,Ground Floor,0 - 1,93000
3,2,125.0,Ground Floor,0 - 1,93000
3,2,125.0,First Floor,0 - 1,65000
3,2,125.0,Ground Floor,0 - 1,93000
3,3,125.0,Second Floor,0 - 1,81000
3,3,125.0,Second Floor,0 - 1,81000
3,2,125.0,Ground Floor,0 - 1,93000
3,2,125.0,Ground Floor,0 - 1,93000
3,2,125.0,First Floor,0 - 1,65000
3,2,125.0,Ground Floor,0 - 1,93000
3,2,125.0,Ground Floor,0 - 1,93000
3,3,125.0,Ground Floor,0 - 1,100000
3,3,125.0,Ground Floor,0 - 1,100000
3,3,125.0,Ground Floor,0 - 1,100000
3,2,125.0,Ground Floor,0 - 1,93000
3,3,125.0,First Floor,0 - 1,88000
3,3,125.0,Second Floor,0 - 1,81000
3,3,125.0,Second Floor,0 - 1,81000
3,3,125.0,First Floor,0 - 1,88000
3,2,125.0,Ground Floor,0 - 1,93000
3,3,125.0,Ground Floor,0 - 1,100000
3,2,125.0,Second Floor,0 - 1,56000
3,3,125.0,First Floor,0 - 1,88000
3,2,125.0,Second Floor,10 - 19,42000
3,2,125.0,Third Floor,6 - 9,49000
2,2,125.0,Third Floor,10 - 19,50000
3,2,125.0,Second Floor,6 - 9,60000
2,3,125.0,First Floor,10 - 19,66000
3,3,125.0,Ground Floor,1 - 5,65000
3,3,125.0,First Floor,1 - 5,65000
3,2,125.0,Second Floor,6 - 9,68000
3,3,125.0,First Floor,1 - 5,69000
3,2,125.0,Ground Floor,6 - 9,70000
3,2,125.0,Second Floor,6 - 9,39000
3,3,125.0,Basement,1 - 5,78000
3,3,125.0,Semi-Ground Floor,6 - 9,80000
3,3,125.0,Basement,10 - 19,80000
3,3,125.0,Basement,10 - 19,80000
3,3,125.0,Ground Floor,1 - 5,82000
3,2,125.0,Ground Floor,0 - 1,93000
3,2,126.0,Second Floor,6 - 9,54000
3,3,126.0,Second Floor,6 - 9,54000
3,3,127.0,Third Floor,10 - 19,45000
3,3,127.0,First Floor,1 - 5,74000
3,2,127.0,Second Floor,10 - 19,42500
3,3,127.0,Third Floor,1 - 5,57000
3,2,127.0,Second Floor,6 - 9,70000
3,3,127.0,Ground Floor,6 - 9,65000
3,3,127.0,Second Floor,1 - 5,57000
3,2,128.0,Basement,10 - 19,55000
3,3,128.0,Ground Floor,0 - 1,100000
3,2,128.0,Basement,10 - 19,58000
3,2,128.0,Ground Floor,0 - 1,80000
3,3,128.0,Second Floor,1 - 5,75000
4,3,128.0,First Floor,0 - 1,65000
4,3,128.0,Third Floor,0 - 1,65000
1,1,128.0,First Floor,0 - 1,68000
3,2,129.0,Basement,0 - 1,65000
3,2,129.0,Second Floor,10 - 19,42000
3,2,129.0,Basement,1 - 5,44000
3,2,129.0,First Floor,10 - 19,50000
3,3,129.0,First Floor,10 - 19,55000
3,2,129.0,Ground Floor,10 - 19,62000
3,3,129.0,Third Floor,0 - 1,90000
2,2,130.0,Third Floor,10 - 19,40000
3,3,130.0,Second Floor,6 - 9,72000
1,2,130.0,Third Floor,10 - 19,42000
3,3,130.0,Ground Floor,0 - 1,100000
3,3,130.0,Basement,1 - 5,91500
3,3,130.0,Basement,1 - 5,91500
3,3,130.0,Ground Floor,0 - 1,100000
3,3,130.0,Ground Floor,0 - 1,100000
3,3,130.0,Ground Floor,0 - 1,100000
3,3,130.0,Basement,1 - 5,91500
3,3,130.0,First Floor,1 - 5,74000
3,3,130.0,First Floor,1 - 5,74000
3,3,130.0,First Floor,1 - 5,74000
3,3,130.0,Basement,0 - 1,96000
3,3,130.0,Basement,0 - 1,96000
3,3,130.0,Basement,0 - 1,96000
3,3,130.0,First Floor,0 - 1,88000
3,3,130.0,First Floor,0 - 1,88000
5,2,130.0,Second Floor,1 - 5,65000
3,3,130.0,Basement,0 - 1,96000
3,3,130.0,Basement,0 - 1,96000
3,3,130.0,Basement,0 - 1,96000
3,3,130.0,Basement,0 - 1,96000
3,3,130.0,Basement,0 - 1,96000
3,3,130.0,First Floor,6 - 9,65000
3,3,130.0,Basement,0 - 1,96000
3,3,130.0,Basement,0 - 1,96000
3,3,130.0,Basement,0 - 1,96000
3,3,130.0,Basement,0 - 1,96000
3,3,130.0,Basement,0 - 1,96000
3,3,130.0,Basement,0 - 1,96000
3,3,130.0,Basement,0 - 1,96000
3,3,130.0,Basement,0 - 1,96000
3,3,130.0,Basement,0 - 1,96000
3,3,130.0,Basement,0 - 1,96000
3,3,130.0,Basement,0 - 1,96000
3,3,130.0,Basement,0 - 1,96000
3,3,130.0,First Floor,0 - 1,88000
3,3,130.0,Basement,0 - 1,96000
3,2,130.0,Third Floor,6 - 9,54500
3,3,130.0,Semi-Ground Floor,0 - 1,88000
3,3,130.0,Second Floor,0 - 1,81000
3,3,130.0,Third Floor,6 - 9,84000
3,3,130.0,Third Floor,0 - 1,97000
3,3,130.0,Third Floor,0 - 1,97000
3,3,130.0,Ground Floor,0 - 1,100000
3,3,130.0,Ground Floor,0 - 1,100000
3,2,130.0,Ground Floor,0 - 1,93000
3,3,130.0,Ground Floor,0 - 1,100000
3,3,130.0,Third Floor,10 - 19,41000
3,2,130.0,Basement,6 - 9,40000
3,2,130.0,Second Floor,10 - 19,42000
3,2,130.0,Ground Floor,10 - 19,44000
3,2,130.0,Second Floor,6 - 9,45000
3,2,130.0,Third Floor,20 - 40,45000
3,2,130.0,Second Floor,10 - 19,51000
3,3,130.0,Third Floor,10 - 19,52000
3,2,130.0,Second Floor,6 - 9,53000
3,3,130.0,Third Floor,6 - 9,54000
3,3,130.0,Third Floor,6 - 9,54000
3,3,130.0,Third Floor,6 - 9,54000
3,2,130.0,Third Floor,10 - 19,55000
3,3,130.0,Second Floor,6 - 9,55000
3,3,130.0,Ground Floor,0 - 1,59000
3,3,130.0,Third Floor,1 - 5,59000
3,3,130.0,First Floor,1 - 5,59000
3,3,130.0,First Floor,1 - 5,59000
3,3,130.0,First Floor,1 - 5,59000
3,3,130.0,First Floor,1 - 5,59000
3,3,130.0,First Floor,1 - 5,59000
3,3,130.0,First Floor,1 - 5,59000
3,3,130.0,Ground Floor,0 - 1,59000
3,3,130.0,Ground Floor,0 - 1,59000
3,3,130.0,Ground Floor,0 - 1,59000
3,3,130.0,Ground Floor,0 - 1,59000
3,3,130.0,Ground Floor,0 - 1,59000
3,3,130.0,Ground Floor,0 - 1,59000
3,3,130.0,Ground Floor,0 - 1,59000
3,3,130.0,Ground Floor,0 - 1,59000
3,3,130.0,Ground Floor,0 - 1,59000
3,3,130.0,Ground Floor,0 - 1,59000
3,3,130.0,Ground Floor,0 - 1,59000
3,2,130.0,Second Floor,6 - 9,60000
3,3,130.0,Basement,0 - 1,60000
3,3,130.0,First Floor,0 - 1,62000
3,3,130.0,First Floor,0 - 1,62000
3,3,130.0,Third Floor,10 - 19,43000
3,3,130.0,First Floor,0 - 1,62000
3,3,130.0,First Floor,0 - 1,62000
3,3,130.0,First Floor,0 - 1,62000
3,3,130.0,Second Floor,0 - 1,63000
3,3,130.0,Second Floor,0 - 1,63000
3,3,130.0,Second Floor,0 - 1,63000
3,3,130.0,Second Floor,0 - 1,63000
3,2,130.0,Second Floor,1 - 5,59000
3,3,130.0,Second Floor,0 - 1,63000
3,3,130.0,Second Floor,0 - 1,63000
3,3,130.0,Second Floor,0 - 1,63000
3,3,130.0,Second Floor,0 - 1,63000
3,3,130.0,Second Floor,0 - 1,63000
3,3,130.0,Second Floor,0 - 1,63000
3,3,130.0,Ground Floor,0 - 1,64000
3,3,130.0,Ground Floor,0 - 1,64000
3,3,130.0,First Floor,0 - 1,64000
3,3,130.0,First Floor,0 - 1,64000
3,3,130.0,First Floor,0 - 1,64000
3,3,130.0,First Floor,0 - 1,64000
3,3,130.0,First Floor,0 - 1,64000
3,3,130.0,First Floor,0 - 1,64000
3,3,130.0,First Floor,0 - 1,64000
3,3,130.0,First Floor,0 - 1,64000
3,3,130.0,First Floor,0 - 1,64000
3,3,130.0,Ground Floor,0 - 1,64000
3,3,130.0,Ground Floor,0 - 1,64000
3,3,130.0,Ground Floor,0 - 1,64000
3,3,130.0,Ground Floor,0 - 1,64000
3,3,130.0,Ground Floor,6 - 9,65000
3,3,130.0,Ground Floor,6 - 9,65000
3,2,130.0,Basement,0 - 1,65000
3,3,130.0,Ground Floor,0 - 1,65000
3,3,130.0,Ground Floor,0 - 1,65000
3,3,130.0,Ground Floor,0 - 1,65000
3,3,130.0,Ground Floor,0 - 1,65000
3,3,130.0,Ground Floor,0 - 1,65000
3,3,130.0,Ground Floor,0 - 1,65000
3,2,130.0,Ground Floor,0 - 1,65000
3,3,130.0,Ground Floor,0 - 1,65000
3,3,130.0,Second Floor,0 - 1,66000
3,3,130.0,Second Floor,0 - 1,66000
3,3,130.0,Second Floor,0 - 1,66000
3,3,130.0,Second Floor,0 - 1,66000
3,3,130.0,Second Floor,0 - 1,66000
3,3,130.0,Second Floor,0 - 1,66000
3,3,130.0,Second Floor,0 - 1,66000
3,3,130.0,Second Floor,0 - 1,66000
3,3,130.0,Ground Floor,0 - 1,67000
3,3,130.0,Ground Floor,0 - 1,67000
3,3,130.0,Ground Floor,0 - 1,67000
3,3,130.0,Ground Floor,0 - 1,67000
3,3,130.0,Ground Floor,0 - 1,67000
3,3,130.0,Ground Floor,0 - 1,67000
3,3,130.0,Ground Floor,0 - 1,67000
3,3,130.0,Ground Floor,0 - 1,67000
3,3,130.0,Ground Floor,0 - 1,67000
3,3,130.0,Third Floor,1 - 5,69000
3,2,130.0,Ground Floor,1 - 5,69000
3,3,130.0,Ground Floor,1 - 5,70000
3,3,130.0,Semi-Ground Floor,0 - 1,70000
3,3,130.0,Ground Floor,0 - 1,70000
3,3,130.0,Ground Floor,0 - 1,70000
3,3,130.0,Ground Floor,0 - 1,70000
3,3,130.0,Ground Floor,0 - 1,70000
3,3,130.0,Ground Floor,0 - 1,70000
3,3,130.0,Ground Floor,0 - 1,70000
3,3,130.0,Ground Floor,0 - 1,70000
3,3,130.0,Ground Floor,0 - 1,70000
3,3,130.0,Ground Floor,0 - 1,70000
3,2,130.0,Ground Floor,6 - 9,75000
3,3,130.0,Ground Floor,0 - 1,79000
3,3,130.0,Third Floor,0 - 1,79000
3,2,130.0,First Floor,6 - 9,56000
3,3,130.0,Fourth Floor,0 - 1,15000
3,2,132.0,Second Floor,10 - 19,42000
3,2,132.0,Basement,10 - 19,48000
3,2,132.0,Third Floor,10 - 19,55000
3,2,132.0,Third Floor,10 - 19,55000
3,2,132.0,Ground Floor,10 - 19,68000
3,3,133.0,Third Floor,1 - 5,79000
3,2,133.0,Third Floor,10 - 19,45000
3,3,134.0,First Floor,1 - 5,74000
2,2,134.0,Fourth Floor,10 - 19,45000
3,3,135.0,First Floor,0 - 1,88000
3,3,135.0,First Floor,0 - 1,88000
3,3,135.0,First Floor,0 - 1,88000
2,2,135.0,Third Floor,6 - 9,38000
3,2,135.0,Third Floor,10 - 19,55000
3,3,135.0,Third Floor,0 - 1,97000
3,3,135.0,Basement,0 - 1,96000
3,3,135.0,Second Floor,1 - 5,65000
3,3,135.0,Third Floor,0 - 1,97000
3,3,135.0,Third Floor,0 - 1,97000
3,3,135.0,First Floor,0 - 1,88000
3,3,135.0,First Floor,0 - 1,88000
3,3,135.0,Basement,0 - 1,96000
3,3,135.0,Basement,0 - 1,96000
3,3,135.0,First Floor,0 - 1,88000
3,3,135.0,First Floor,0 - 1,88000
3,3,135.0,First Floor,0 - 1,88000
3,3,135.0,First Floor,0 - 1,88000
3,3,135.0,First Floor,0 - 1,88000
3,3,135.0,First Floor,0 - 1,88000
2,2,135.0,Ground Floor,6 - 9,47000
3,2,135.0,Third Floor,1 - 5,65000
3,3,135.0,Second Floor,1 - 5,81500
3,3,135.0,Second Floor,1 - 5,81500
3,2,135.0,Ground Floor,6 - 9,55000
3,3,135.0,Ground Floor,0 - 1,100000
3,3,135.0,Second Floor,0 - 1,81000
3,3,135.0,First Floor,0 - 1,88000
3,3,135.0,First Floor,6 - 9,55000
3,3,135.0,First Floor,6 - 9,60000
3,3,135.0,Ground Floor,6 - 9,62000
3,3,135.0,Third Floor,10 - 19,43000
2,2,135.0,Third Floor,6 - 9,52000
3,3,135.0,Third Floor,1 - 5,55000
2,2,135.0,First Floor,0 - 1,56000
2,2,135.0,Basement,1 - 5,44000
3,3,135.0,Basement,0 - 1,78000
3,3,135.0,First Floor,0 - 1,62000
3,3,135.0,First Floor,0 - 1,64000
3,3,135.0,First Floor,0 - 1,64000
3,3,135.0,First Floor,0 - 1,64000
3,3,135.0,Second Floor,1 - 5,65000
3,2,135.0,First Floor,0 - 1,65000
3,3,135.0,First Floor,0 - 1,65000
3,3,135.0,First Floor,0 - 1,65000
3,2,135.0,First Floor,0 - 1,65000
3,3,135.0,First Floor,0 - 1,65000
3,2,135.0,Third Floor,1 - 5,65000
3,2,135.0,Ground Floor,10 - 19,67000
3,3,135.0,Ground Floor,0 - 1,110000
3,3,135.0,Second Floor,1 - 5,70000
3,2,135.0,First Floor,1 - 5,72000
3,2,135.0,First Floor,1 - 5,72000
3,3,135.0,Third Floor,0 - 1,73000
3,2,135.0,Ground Floor,10 - 19,77000
3,3,135.0,Basement,0 - 1,78000
3,2,135.0,Ground Floor,6 - 9,79000
3,2,135.0,Ground Floor,6 - 9,79000
3,3,135.0,Ground Floor,0 - 1,83000
3,3,136.0,First Floor,0 - 1,88000
3,3,136.0,First Floor,0 - 1,88000
3,3,136.0,First Floor,0 - 1,88000
3,3,136.0,First Floor,0 - 1,88000
3,3,136.0,First Floor,0 - 1,88000
3,3,136.0,First Floor,0 - 1,88000
3,3,136.0,First Floor,0 - 1,88000
3,3,136.0,First Floor,0 - 1,88000
3,3,136.0,First Floor,0 - 1,88000
3,3,136.0,Third Floor,0 - 1,97000
3,3,136.0,Third Floor,0 - 1,97000
3,3,136.0,Second Floor,0 - 1,81000
3,3,136.0,First Floor,0 - 1,69000
3,2,137.0,Second Floor,1 - 5,60000
3,3,138.0,Basement,1 - 5,60000
3,3,138.0,First Floor,6 - 9,55000
3,3,138.0,First Floor,0 - 1,68000
3,3,138.0,Ground Floor,1 - 5,78000
3,2,139.0,First Floor,10 - 19,60000
3,3,139.0,Ground Floor,6 - 9,79000
3,2,140.0,Basement,0 - 1,65000
3,3,140.0,Basement,0 - 1,96000
3,3,140.0,Basement,0 - 1,96000
3,3,140.0,Basement,0 - 1,96000
3,3,140.0,Basement,0 - 1,96000
3,3,140.0,Basement,0 - 1,96000
3,3,140.0,Second Floor,0 - 1,81000
3,3,140.0,Ground Floor,0 - 1,100000
3,2,140.0,Ground Floor,1 - 5,66000
3,3,140.0,First Floor,1 - 5,74000
3,3,140.0,First Floor,1 - 5,74000
3,3,140.0,First Floor,0 - 1,88000
3,3,140.0,First Floor,0 - 1,88000
3,3,140.0,First Floor,0 - 1,88000
3,3,140.0,Second Floor,0 - 1,81000
3,3,140.0,Second Floor,0 - 1,81000
3,3,140.0,First Floor,0 - 1,88000
3,3,140.0,First Floor,0 - 1,88000
3,3,140.0,First Floor,0 - 1,88000
3,3,140.0,First Floor,0 - 1,88000
3,3,140.0,First Floor,0 - 1,88000
3,3,140.0,First Floor,0 - 1,88000
3,3,140.0,Basement,0 - 1,96000
3,3,140.0,Basement,0 - 1,96000
3,3,140.0,Basement,0 - 1,96000
3,3,140.0,Basement,0 - 1,96000
3,3,140.0,Basement,0 - 1,96000
3,3,140.0,Ground Floor,0 - 1,100000
3,3,140.0,First Floor,6 - 9,73000
3,3,140.0,Ground Floor,0 - 1,100000
3,2,140.0,Basement,6 - 9,55000
1,1,140.0,Third Floor,6 - 9,50000
3,3,140.0,Second Floor,10 - 19,51000
3,2,140.0,First Floor,10 - 19,54000
3,2,140.0,First Floor,6 - 9,54000
3,2,140.0,Second Floor,1 - 5,59000
3,2,140.0,Basement,10 - 19,120000
3,2,140.0,Second Floor,1 - 5,59000
3,3,140.0,Ground Floor,6 - 9,65000
3,3,140.0,First Floor,1 - 5,65000
3,3,140.0,Ground Floor,6 - 9,68000
3,3,140.0,Ground Floor,10 - 19,55000
3,3,140.0,Second Floor,0 - 1,69000
3,3,140.0,Second Floor,6 - 9,70000
3,3,140.0,Second Floor,6 - 9,70000
3,3,140.0,Second Floor,6 - 9,70000
3,3,140.0,Ground Floor,6 - 9,80000
3,2,140.0,Ground Floor,1 - 5,72000
3,3,140.0,Third Floor,6 - 9,75000
3,3,140.0,Second Floor,0 - 1,77000
3,3,140.0,First Floor,0 - 1,77000
3,2,140.0,Ground Floor,1 - 5,80000
3,2,140.0,Ground Floor,1 - 5,80000
3,3,140.0,Ground Floor,0 - 1,83000
3,3,140.0,Third Floor,0 - 1,93000
3,3,140.0,Ground Floor,1 - 5,95000
3,3,140.0,Ground Floor,6 - 9,80000
3,2,141.0,Third Floor,10 - 19,56000
3,3,141.0,Third Floor,0 - 1,69000
3,3,141.0,Third Floor,0 - 1,69000
3,3,141.0,Third Floor,1 - 5,70000
3,2,141.0,Ground Floor,6 - 9,78000
3,3,142.0,Basement,10 - 19,47000
3,3,142.0,Basement,10 - 19,47000
3,3,142.0,Third Floor,10 - 19,52000
3,3,142.0,First Floor,6 - 9,60000
3,3,142.0,First Floor,1 - 5,62000
3,3,142.0,Second Floor,6 - 9,70000
5,3,142.0,First Floor,6 - 9,76000
5,3,142.0,Basement,1 - 5,83000
3,3,142.0,Fourth Floor,20 - 40,52000
3,2,143.0,Third Floor,10 - 19,55000
3,3,144.0,Ground Floor,0 - 1,100000
3,2,144.0,Third Floor,6 - 9,60000
3,2,144.0,Ground Floor,1 - 5,64000
3,3,144.0,Basement,1 - 5,68000
3,3,145.0,First Floor,0 - 1,88000
3,3,145.0,Ground Floor,0 - 1,100000
3,2,145.0,Basement,10 - 19,56500
3,2,145.0,Second Floor,10 - 19,52000
3,3,145.0,Fourth Floor,1 - 5,70000
3,3,145.0,Basement,10 - 19,47000
3,3,145.0,Basement,10 - 19,47000
2,3,145.0,Third Floor,10 - 19,48000
3,3,145.0,First Floor,6 - 9,55000
3,3,145.0,Second Floor,6 - 9,55000
3,2,145.0,Second Floor,10 - 19,58000
3,2,145.0,Second Floor,6 - 9,60000
3,3,145.0,Fourth Floor,10 - 19,60000
3,3,145.0,Ground Floor,10 - 19,69000
3,3,145.0,First Floor,6 - 9,60000
3,2,145.0,Ground Floor,1 - 5,62000
3,3,145.0,Third Floor,0 - 1,69000
3,3,145.0,Third Floor,0 - 1,69000
3,3,145.0,Third Floor,0 - 1,73000
3,3,145.0,Ground Floor,0 - 1,74000
2,3,145.0,Ground Floor,0 - 1,75000
3,3,145.0,Second Floor,6 - 9,75000
3,3,145.0,Ground Floor,0 - 1,79000
3,3,145.0,First Floor,10 - 19,50000
3,2,145.0,Third Floor,1 - 5,80000
3,3,145.0,Ground Floor,0 - 1,82000
3,3,145.0,Ground Floor,0 - 1,83000
3,3,145.0,Ground Floor,10 - 19,85000
3,3,145.0,Ground Floor,0 - 1,85000
3,3,145.0,Third Floor,1 - 5,90000
3,3,145.0,Basement,1 - 5,95000
3,2,145.0,Ground Floor,0 - 1,62000
3,2,146.0,Second Floor,20 - 40,45000
3,3,146.0,Second Floor,10 - 19,51000
3,2,146.0,Second Floor,20 - 40,49000
3,3,147.0,Third Floor,6 - 9,69000
3,3,147.0,Ground Floor,10 - 19,75000
3,3,147.0,First Floor,10 - 19,65000
3,3,148.0,Third Floor,1 - 5,65000
3,3,148.0,Third Floor,10 - 19,58000
3,3,148.0,Second Floor,6 - 9,61000
3,3,148.0,Second Floor,1 - 5,63000
3,3,148.0,Second Floor,0 - 1,74000
3,3,148.0,Second Floor,6 - 9,82000
3,3,148.0,Ground Floor,0 - 1,81000
3,3,148.0,Basement,6 - 9,70000
3,3,149.0,Ground Floor,6 - 9,115000
3,3,149.0,Ground Floor,6 - 9,75000
2,3,150.0,Ground Floor,1 - 5,100000
3,2,150.0,Ground Floor,10 - 19,77000
3,3,150.0,Second Floor,1 - 5,81500
3,3,150.0,Basement,6 - 9,55000
3,3,150.0,First Floor,0 - 1,88000
3,2,150.0,Third Floor,20 - 40,45000
3,3,150.0,First Floor,0 - 1,88000
3,3,150.0,First Floor,0 - 1,88000
3,3,150.0,First Floor,0 - 1,88000
3,3,150.0,First Floor,0 - 1,88000
3,3,150.0,First Floor,0 - 1,88000
3,3,150.0,First Floor,0 - 1,88000
3,3,150.0,First Floor,0 - 1,88000
3,3,150.0,Second Floor,0 - 1,81000
3,3,150.0,Third Floor,0 - 1,97000
3,3,150.0,Third Floor,0 - 1,97000
3,3,150.0,Fourth Floor,6 - 9,57000
3,3,150.0,First Floor,0 - 1,88000
3,3,150.0,First Floor,0 - 1,88000
3,3,150.0,First Floor,0 - 1,88000
3,3,150.0,First Floor,0 - 1,88000
3,3,150.0,First Floor,1 - 5,74000
3,3,150.0,First Floor,0 - 1,88000
3,3,150.0,First Floor,0 - 1,88000
3,3,150.0,Second Floor,1 - 5,81500
3,3,150.0,Ground Floor,0 - 1,100000
3,3,150.0,First Floor,1 - 5,74000
3,3,150.0,Second Floor,0 - 1,81000
3,3,150.0,Basement,10 - 19,59000
3,3,150.0,Second Floor,0 - 1,81000
3,3,150.0,Third Floor,6 - 9,84000
3,3,150.0,Ground Floor,0 - 1,100000
3,3,150.0,Third Floor,10 - 19,67000
3,3,150.0,Second Floor,0 - 1,81000
3,3,150.0,Ground Floor,0 - 1,100000
3,3,150.0,Ground Floor,0 - 1,100000
3,3,150.0,Third Floor,1 - 5,79000
3,3,150.0,Second Floor,6 - 9,72000
3,3,150.0,Third Floor,1 - 5,79000
3,2,150.0,Second Floor,6 - 9,54000
3,3,150.0,Second Floor,0 - 1,81000
3,3,150.0,Ground Floor,0 - 1,100000
3,3,150.0,Ground Floor,0 - 1,100000
3,3,150.0,Third Floor,0 - 1,97000
3,3,150.0,Third Floor,0 - 1,97000
3,3,150.0,First Floor,10 - 19,70000
3,3,150.0,Third Floor,0 - 1,97000
3,3,150.0,Second Floor,0 - 1,81000
3,3,150.0,Second Floor,0 - 1,81000
3,3,150.0,Ground Floor,1 - 5,100000
3,3,150.0,Ground Floor,0 - 1,103000
3,2,150.0,Ground Floor,10 - 19,95000
3,3,150.0,First Floor,10 - 19,65000
3,3,150.0,Third Floor,0 - 1,105000
3,3,150.0,Third Floor,0 - 1,107000
3,3,150.0,Ground Floor,0 - 1,107000
3,3,150.0,Ground Floor,0 - 1,120000
3,3,150.0,Ground Floor,0 - 1,125000
3,3,150.0,Basement,1 - 5,72000
4,3,150.0,First Floor,6 - 9,117500
3,3,150.0,Ground Floor,0 - 1,100000
3,3,150.0,Second Floor,0 - 1,72000
3,3,150.0,Ground Floor,6 - 9,48000
3,3,150.0,Second Floor,10 - 19,53000
3,3,150.0,First Floor,10 - 19,56000
3,3,150.0,Second Floor,1 - 5,57000
3,3,150.0,Second Floor,1 - 5,57000
3,3,150.0,Second Floor,1 - 5,57000
3,3,150.0,Second Floor,1 - 5,57000
3,3,150.0,Third Floor,1 - 5,77000
3,3,150.0,First Floor,6 - 9,57000
3,3,150.0,Ground Floor,10 - 19,58000
3,3,150.0,Ground Floor,10 - 19,75000
3,3,150.0,Third Floor,10 - 19,59000
3,3,150.0,Third Floor,10 - 19,59000
3,3,150.0,Third Floor,1 - 5,85000
3,3,150.0,Ground Floor,6 - 9,59000
3,3,150.0,Second Floor,6 - 9,85000
3,3,150.0,Basement,6 - 9,60000
3,2,150.0,First Floor,20 - 40,60000
3,3,150.0,Third Floor,1 - 5,78000
3,3,150.0,Ground Floor,0 - 1,100000
3,3,150.0,Second Floor,0 - 1,67000
3,2,150.0,First Floor,20 - 40,63000
3,3,150.0,Third Floor,1 - 5,85000
3,3,150.0,Third Floor,10 - 19,63000
3,3,150.0,Basement,0 - 1,65000
3,3,150.0,Second Floor,1 - 5,65000
3,3,150.0,Second Floor,6 - 9,67000
3,3,150.0,Third Floor,10 - 19,66000
3,3,150.0,Third Floor,10 - 19,66000
3,3,150.0,Second Floor,10 - 19,66000
3,3,150.0,First Floor,6 - 9,68000
3,3,150.0,Second Floor,1 - 5,68000
3,3,150.0,Ground Floor,6 - 9,68000
3,3,150.0,Third Floor,6 - 9,68000
3,3,150.0,First Floor,0 - 1,68000
3,3,150.0,Third Floor,1 - 5,68000
3,3,150.0,Third Floor,6 - 9,68000
3,3,150.0,First Floor,6 - 9,69000
3,3,150.0,Third Floor,0 - 1,95000
3,3,150.0,First Floor,0 - 1,69000
3,3,150.0,First Floor,10 - 19,70000
3,3,150.0,First Floor,10 - 19,70000
3,3,150.0,Basement,20 - 40,67500
3,3,150.0,Ground Floor,10 - 19,90000
3,3,150.0,Ground Floor,10 - 19,70000
3,3,150.0,Basement,1 - 5,72000
3,3,150.0,Ground Floor,6 - 9,115000
3,3,150.0,First Floor,6 - 9,73000
3,3,150.0,First Floor,1 - 5,73000
3,3,150.0,Ground Floor,6 - 9,73000
3,3,150.0,Third Floor,6 - 9,75000
3,3,150.0,First Floor,0 - 1,75000
3,3,150.0,Third Floor,6 - 9,75000
3,2,150.0,First Floor,0 - 1,75000
3,3,150.0,Second Floor,0 - 1,75000
3,3,150.0,First Floor,0 - 1,75000
3,3,150.0,Ground Floor,1 - 5,75000
3,3,150.0,Ground Floor,1 - 5,75000
3,3,150.0,First Floor,0 - 1,76000
3,3,150.0,Ground Floor,1 - 5,77000
3,3,150.0,Ground Floor,1 - 5,77000
3,3,150.0,First Floor,1 - 5,79000
3,3,150.0,Second Floor,0 - 1,80000
3,3,150.0,Third Floor,6 - 9,80000
3,2,150.0,Ground Floor,1 - 5,80000
3,2,150.0,First Floor,0 - 1,82000
3,3,150.0,Second Floor,0 - 1,82000
3,3,150.0,Second Floor,0 - 1,82000
6,4,150.0,Ground Floor,6 - 9,83000
3,3,150.0,Second Floor,6 - 9,85000
1,4,150.0,Basement,6 - 9,85000
3,3,150.0,First Floor,0 - 1,84000
1,4,150.0,Basement,6 - 9,85000
3,3,150.0,Ground Floor,1 - 5,85000
3,3,150.0,Ground Floor,10 - 19,90000
3,3,150.0,Ground Floor,0 - 1,95000
3,3,150.0,Third Floor,0 - 1,95000
3,3,150.0,Ground Floor,0 - 1,95000
3,3,150.0,Ground Floor,0 - 1,95000
5,3,150.0,Third Floor,0 - 1,95000
3,3,150.0,Ground Floor,0 - 1,96000
3,3,150.0,Ground Floor,0 - 1,70000
3,3,152.0,Third Floor,6 - 9,85000
3,3,152.0,Ground Floor,10 - 19,50000
3,3,152.0,Basement,0 - 1,94000
3,3,152.0,Basement,0 - 1,94000
3,3,155.0,Second Floor,0 - 1,81000
3,3,155.0,Ground Floor,0 - 1,100000
3,3,155.0,First Floor,0 - 1,88000
3,3,155.0,First Floor,0 - 1,88000
3,3,155.0,First Floor,0 - 1,88000
3,3,155.0,First Floor,0 - 1,88000
3,3,155.0,First Floor,0 - 1,88000
3,3,155.0,First Floor,0 - 1,88000
3,3,155.0,First Floor,0 - 1,88000
3,3,155.0,Basement,10 - 19,55000
3,3,155.0,Basement,6 - 9,58000
3,3,155.0,Ground Floor,1 - 5,65000
3,3,155.0,Ground Floor,1 - 5,65000
3,3,155.0,Basement,0 - 1,66000
3,2,155.0,Ground Floor,6 - 9,67500
3,2,155.0,Ground Floor,6 - 9,69000
3,2,155.0,Ground Floor,1 - 5,70000
3,3,155.0,Ground Floor,0 - 1,75000
3,3,155.0,Second Floor,0 - 1,77000
3,3,155.0,Third Floor,1 - 5,78000
3,3,155.0,Third Floor,0 - 1,78000
3,3,155.0,First Floor,0 - 1,82000
5,4,155.0,Second Floor,0 - 1,82000
3,3,155.0,Ground Floor,10 - 19,62000
3,3,156.0,Third Floor,6 - 9,87000
3,2,156.0,First Floor,10 - 19,75000
3,3,156.0,First Floor,0 - 1,88000
3,3,156.0,First Floor,0 - 1,88000
3,3,156.0,First Floor,0 - 1,88000
3,3,156.0,First Floor,0 - 1,88000
3,3,156.0,Ground Floor,0 - 1,100000
3,3,156.0,Ground Floor,0 - 1,100000
3,3,156.0,Ground Floor,0 - 1,100000
3,3,156.0,Ground Floor,10 - 19,59000
3,2,156.0,Ground Floor,6 - 9,62000
3,3,156.0,Ground Floor,10 - 19,59000
3,2,156.0,Ground Floor,10 - 19,67000
2,2,156.0,First Floor,1 - 5,70000
3,3,156.0,First Floor,0 - 1,75000
3,3,156.0,First Floor,0 - 1,78000
3,3,156.0,Second Floor,1 - 5,78000
3,3,156.0,Ground Floor,0 - 1,80000
4,3,157.0,Second Floor,6 - 9,107500
4,4,158.0,Fourth Floor,1 - 5,125000
3,2,158.0,Second Floor,10 - 19,47000
3,3,158.0,Ground Floor,6 - 9,80000
3,3,158.0,Ground Floor,6 - 9,75000
3,3,158.0,Third Floor,0 - 1,80000
4,3,160.0,First Floor,6 - 9,75000
3,3,160.0,Second Floor,1 - 5,85000
4,4,160.0,First Floor,1 - 5,65000
3,3,160.0,First Floor,0 - 1,88000
3,3,160.0,Second Floor,0 - 1,81000
3,3,160.0,Third Floor,0 - 1,97000
3,3,160.0,Basement,6 - 9,65000
3,3,160.0,Basement,1 - 5,91500
3,3,160.0,Third Floor,0 - 1,97000
3,3,160.0,Third Floor,0 - 1,97000
3,3,160.0,Second Floor,0 - 1,81000
3,3,160.0,Third Floor,0 - 1,97000
3,3,160.0,Third Floor,0 - 1,97000
3,3,160.0,Second Floor,1 - 5,81500
3,3,160.0,Third Floor,0 - 1,97000
3,3,160.0,Third Floor,0 - 1,97000
3,3,160.0,Third Floor,0 - 1,97000
3,3,160.0,Third Floor,0 - 1,97000
3,3,160.0,Third Floor,0 - 1,97000
3,3,160.0,Basement,10 - 19,65000
3,3,160.0,Third Floor,10 - 19,90000
3,3,160.0,Third Floor,0 - 1,97000
3,3,160.0,Second Floor,0 - 1,81000
3,3,160.0,Second Floor,0 - 1,81000
3,3,160.0,First Floor,0 - 1,88000
3,3,160.0,Second Floor,0 - 1,81000
3,3,160.0,First Floor,0 - 1,88000
3,3,160.0,Ground Floor,1 - 5,88000
3,3,160.0,Basement,0 - 1,96000
3,3,160.0,Basement,0 - 1,96000
3,3,160.0,Third Floor,0 - 1,97000
3,3,160.0,Third Floor,0 - 1,97000
3,2,160.0,Third Floor,0 - 1,48500
3,2,160.0,Third Floor,0 - 1,48500
3,3,160.0,Third Floor,0 - 1,97000
3,3,160.0,Third Floor,0 - 1,97000
3,3,160.0,Third Floor,0 - 1,97000
3,3,160.0,Third Floor,0 - 1,97000
3,3,160.0,Third Floor,0 - 1,97000
3,3,160.0,Third Floor,0 - 1,97000
3,3,160.0,Third Floor,0 - 1,97000
3,3,160.0,Third Floor,0 - 1,97000
3,3,160.0,Third Floor,0 - 1,97000
3,3,160.0,Third Floor,0 - 1,97000
3,3,160.0,Third Floor,0 - 1,97000
3,3,160.0,Third Floor,0 - 1,97000
3,3,160.0,Ground Floor,0 - 1,100000
3,3,160.0,Ground Floor,0 - 1,100000
3,3,160.0,Ground Floor,0 - 1,100000
3,3,160.0,Ground Floor,0 - 1,105000
3,3,160.0,Ground Floor,0 - 1,105000
5,3,160.0,Ground Floor,1 - 5,105000
3,3,160.0,Ground Floor,0 - 1,110000
3,3,160.0,Ground Floor,0 - 1,110000
5,3,160.0,Third Floor,0 - 1,110000
5,4,160.0,Third Floor,0 - 1,115000
3,3,160.0,Ground Floor,0 - 1,125000
3,3,160.0,Ground Floor,6 - 9,85000
3,3,160.0,Basement,10 - 19,59000
3,2,160.0,Fourth Floor,6 - 9,75000
3,3,160.0,Ground Floor,0 - 1,105000
3,3,160.0,Second Floor,6 - 9,74000
3,3,160.0,Second Floor,1 - 5,81500
3,2,160.0,Basement,10 - 19,53000
3,3,160.0,Second Floor,10 - 19,67000
3,3,160.0,Ground Floor,0 - 1,107000
1,1,160.0,Fourth Floor,10 - 19,18000
3,3,160.0,Second Floor,10 - 19,65000
3,3,160.0,Basement,10 - 19,65000
4,4,160.0,First Floor,1 - 5,68000
3,3,160.0,Ground Floor,6 - 9,80000
3,3,160.0,Ground Floor,6 - 9,70000
3,3,160.0,Second Floor,6 - 9,74000
3,3,160.0,Basement,1 - 5,75000
3,3,160.0,Basement,0 - 1,75000
3,3,160.0,Second Floor,0 - 1,75000
3,3,160.0,First Floor,0 - 1,76000
3,3,160.0,First Floor,0 - 1,77000
3,3,160.0,Second Floor,0 - 1,77000
3,3,160.0,First Floor,0 - 1,77000
3,3,160.0,Ground Floor,0 - 1,77000
3,3,160.0,Ground Floor,6 - 9,78000
3,3,160.0,Second Floor,0 - 1,78000
3,3,160.0,First Floor,0 - 1,78000
3,3,160.0,Second Floor,6 - 9,75000
3,3,160.0,First Floor,0 - 1,80000
3,3,160.0,Ground Floor,0 - 1,85000
3,3,160.0,Second Floor,0 - 1,80000
3,3,160.0,First Floor,0 - 1,80000
3,3,160.0,Third Floor,6 - 9,85000
3,3,160.0,Second Floor,1 - 5,85000
5,3,160.0,First Floor,0 - 1,85000
3,3,160.0,Ground Floor,0 - 1,87000
3,3,160.0,Ground Floor,6 - 9,88000
3,3,160.0,Second Floor,1 - 5,88000
3,3,160.0,Second Floor,1 - 5,88000
3,3,160.0,First Floor,0 - 1,88000
3,3,160.0,First Floor,0 - 1,88000
3,3,160.0,Second Floor,1 - 5,88000
3,3,160.0,Ground Floor,0 - 1,89000
3,3,160.0,Ground Floor,0 - 1,89000
3,3,160.0,Basement,0 - 1,90000
3,3,160.0,Ground Floor,0 - 1,90000
2,3,160.0,Third Floor,6 - 9,90000
5,3,160.0,Basement,0 - 1,90000
3,3,160.0,Ground Floor,10 - 19,92000
3,3,160.0,First Floor,0 - 1,93000
3,3,160.0,Third Floor,0 - 1,95000
3,3,160.0,First Floor,10 - 19,70000
3,3,160.0,Ground Floor,0 - 1,98000
3,3,160.0,Ground Floor,0 - 1,98000
3,3,161.0,Ground Floor,0 - 1,100000
3,3,161.0,First Floor,0 - 1,88000
3,3,161.0,Second Floor,0 - 1,81000
3,3,161.0,Second Floor,0 - 1,81000
3,3,161.0,Second Floor,0 - 1,81000
3,3,161.0,First Floor,0 - 1,88000
3,3,161.0,Third Floor,0 - 1,97000
3,3,161.0,Second Floor,0 - 1,81000
3,3,161.0,Second Floor,0 - 1,81000
3,3,161.0,First Floor,0 - 1,88000
3,3,161.0,First Floor,0 - 1,100000
3,2,161.0,Ground Floor,0 - 1,106000
3,3,161.0,Ground Floor,0 - 1,110000
3,3,161.0,Third Floor,0 - 1,112000
3,3,161.0,Third Floor,0 - 1,112000
3,3,161.0,Basement,6 - 9,60000
3,2,161.0,First Floor,0 - 1,84000
3,3,161.0,Ground Floor,1 - 5,86000
3,3,161.0,Ground Floor,1 - 5,86000
3,3,161.0,Ground Floor,1 - 5,86000
3,3,161.0,Second Floor,0 - 1,88000
3,3,161.0,First Floor,0 - 1,88000
3,3,161.0,First Floor,0 - 1,88000
3,3,161.0,Second Floor,0 - 1,88000
3,3,161.0,First Floor,0 - 1,88000
3,3,162.0,Third Floor,0 - 1,97000
3,3,162.0,Ground Floor,0 - 1,100000
3,3,162.0,Basement,0 - 1,96000
3,3,162.0,Basement,1 - 5,75000
3,3,162.0,Basement,1 - 5,75000
3,3,163.0,First Floor,10 - 19,78000
3,3,163.0,Third Floor,6 - 9,70000
3,3,163.0,Third Floor,10 - 19,75000
3,4,164.0,Ground Floor,0 - 1,109000
3,3,164.0,Ground Floor,0 - 1,80000
3,3,164.0,Ground Floor,1 - 5,100000
3,3,165.0,Ground Floor,1 - 5,88000
4,4,165.0,Third Floor,0 - 1,120000
4,3,165.0,Ground Floor,1 - 5,75000
3,3,165.0,Ground Floor,0 - 1,100000
3,3,165.0,First Floor,1 - 5,87000
3,3,165.0,First Floor,10 - 19,82000
3,3,165.0,Second Floor,0 - 1,81000
3,3,165.0,Second Floor,0 - 1,81000
3,3,165.0,Third Floor,0 - 1,97000
3,3,165.0,Third Floor,0 - 1,97000
3,3,165.0,Ground Floor,0 - 1,100000
3,4,165.0,Ground Floor,0 - 1,109000
3,4,165.0,Ground Floor,0 - 1,109000
3,4,165.0,Ground Floor,0 - 1,109000
3,4,165.0,Ground Floor,0 - 1,109000
3,4,165.0,Ground Floor,0 - 1,109000
3,4,165.0,Ground Floor,0 - 1,109000
3,4,165.0,Ground Floor,0 - 1,109000
3,3,165.0,First Floor,0 - 1,88000
3,3,165.0,First Floor,0 - 1,88000
3,3,165.0,First Floor,0 - 1,88000
3,3,165.0,Ground Floor,0 - 1,100000
3,3,165.0,Ground Floor,0 - 1,100000
3,3,165.0,Ground Floor,0 - 1,100000
3,2,165.0,Third Floor,1 - 5,100000
3,3,165.0,Ground Floor,0 - 1,103000
3,3,165.0,Ground Floor,0 - 1,103000
3,3,165.0,Ground Floor,0 - 1,103000
3,3,165.0,Ground Floor,1 - 5,105000
3,3,165.0,Ground Floor,1 - 5,105000
3,2,165.0,Ground Floor,0 - 1,107000
3,3,165.0,Ground Floor,0 - 1,107000
3,3,165.0,Basement,1 - 5,108000
3,3,165.0,Second Floor,0 - 1,109000
3,3,165.0,Ground Floor,0 - 1,110000
3,3,165.0,Ground Floor,0 - 1,110000
3,3,165.0,Second Floor,1 - 5,110000
3,3,165.0,Basement,0 - 1,115000
5,4,165.0,Third Floor,0 - 1,120000
4,3,165.0,Third Floor,6 - 9,120000
3,3,165.0,Ground Floor,0 - 1,124000
3,3,165.0,Ground Floor,0 - 1,129000
3,3,165.0,Basement,0 - 1,77000
3,2,165.0,Second Floor,20 - 40,51000
3,2,165.0,Second Floor,20 - 40,56000
3,3,165.0,Basement,1 - 5,91500
3,3,165.0,First Floor,10 - 19,75000
3,3,165.0,Ground Floor,1 - 5,88000
3,3,165.0,Third Floor,0 - 1,77000
3,3,165.0,First Floor,1 - 5,77000
3,3,165.0,Second Floor,0 - 1,77000
3,3,165.0,First Floor,0 - 1,78000
3,3,165.0,First Floor,0 - 1,78000
3,3,165.0,First Floor,0 - 1,79000
3,3,165.0,First Floor,0 - 1,88000
3,3,165.0,Ground Floor,0 - 1,82000
3,3,165.0,First Floor,0 - 1,82000
3,3,165.0,First Floor,0 - 1,83000
3,3,165.0,Basement,1 - 5,85000
3,3,165.0,Ground Floor,1 - 5,85000
3,3,165.0,Ground Floor,0 - 1,86000
3,3,165.0,Ground Floor,0 - 1,86000
3,3,165.0,Ground Floor,0 - 1,86000
3,2,165.0,First Floor,0 - 1,87000
3,3,165.0,Second Floor,0 - 1,87000
3,3,165.0,Second Floor,0 - 1,87000
3,3,165.0,Ground Floor,1 - 5,88000
3,3,165.0,Ground Floor,0 - 1,88000
3,4,165.0,Ground Floor,1 - 5,89000
3,3,165.0,Ground Floor,1 - 5,89000
3,3,165.0,Second Floor,0 - 1,90000
3,3,165.0,First Floor,0 - 1,93000
3,3,165.0,Second Floor,0 - 1,95000
3,3,165.0,Third Floor,0 - 1,95000
3,3,165.0,Second Floor,0 - 1,95000
3,3,165.0,First Floor,0 - 1,96000
3,3,165.0,Ground Floor,0 - 1,96000
3,3,165.0,Second Floor,0 - 1,96000
3,3,165.0,Second Floor,0 - 1,96000
3,3,165.0,First Floor,0 - 1,96000
3,3,165.0,First Floor,0 - 1,96000
4,3,165.0,Third Floor,0 - 1,96000
4,3,165.0,Third Floor,0 - 1,96000
3,3,165.0,Ground Floor,1 - 5,97000
3,3,165.0,Ground Floor,0 - 1,98000
3,3,165.0,Basement,1 - 5,98000
3,4,165.0,Ground Floor,1 - 5,99000
3,4,166.0,Ground Floor,0 - 1,109000
3,4,166.0,Ground Floor,0 - 1,109000
3,4,166.0,Ground Floor,1 - 5,99000
3,3,166.0,First Floor,1 - 5,78000
3,3,166.0,Third Floor,1 - 5,99000
3,3,167.0,First Floor,0 - 1,88000
3,3,167.0,Ground Floor,10 - 19,37000
3,3,167.0,First Floor,10 - 19,72000
3,3,167.0,First Floor,1 - 5,75000
3,3,167.0,Third Floor,1 - 5,79000
3,3,167.0,First Floor,6 - 9,84000
3,3,167.0,Ground Floor,6 - 9,99000
3,3,168.0,First Floor,0 - 1,105000
3,3,168.0,Ground Floor,0 - 1,115000
3,3,168.0,Second Floor,0 - 1,99000
3,3,169.0,First Floor,6 - 9,73000
4,4,169.0,Third Floor,1 - 5,85000
3,3,170.0,Second Floor,10 - 19,78000
3,4,170.0,Second Floor,6 - 9,95000
3,3,170.0,Ground Floor,6 - 9,74000
3,3,170.0,First Floor,6 - 9,74000
3,3,170.0,Third Floor,0 - 1,97000
3,3,170.0,Third Floor,0 - 1,97000
3,3,170.0,Third Floor,0 - 1,97000
3,3,170.0,Third Floor,0 - 1,97000
3,3,170.0,Third Floor,0 - 1,97000
3,3,170.0,Third Floor,0 - 1,97000
3,3,170.0,Third Floor,0 - 1,97000
3,3,170.0,Third Floor,0 - 1,97000
3,3,170.0,Third Floor,0 - 1,97000
3,3,170.0,Second Floor,0 - 1,81000
3,3,170.0,Second Floor,0 - 1,81000
3,3,170.0,Second Floor,0 - 1,81000
3,3,170.0,Second Floor,0 - 1,81000
3,3,170.0,Second Floor,0 - 1,81000
3,3,170.0,Third Floor,0 - 1,97000
3,3,170.0,First Floor,0 - 1,88000
3,3,170.0,First Floor,0 - 1,88000
3,3,170.0,First Floor,0 - 1,88000
3,3,170.0,First Floor,0 - 1,88000
3,3,170.0,First Floor,0 - 1,88000
3,4,170.0,First Floor,0 - 1,131000
3,3,170.0,First Floor,0 - 1,88000
3,3,170.0,First Floor,0 - 1,88000
3,3,170.0,First Floor,0 - 1,88000
3,3,170.0,First Floor,0 - 1,88000
3,3,170.0,Ground Floor,0 - 1,100000
3,3,170.0,Ground Floor,0 - 1,100000
3,3,170.0,Ground Floor,0 - 1,100000
3,3,170.0,First Floor,1 - 5,74000
3,3,170.0,Ground Floor,1 - 5,88000
3,3,170.0,Ground Floor,0 - 1,103000
3,3,170.0,Third Floor,0 - 1,94000
3,3,170.0,First Floor,0 - 1,105000
3,3,170.0,Third Floor,0 - 1,105000
3,3,170.0,Ground Floor,0 - 1,105000
3,3,170.0,Second Floor,0 - 1,108000
3,3,170.0,First Floor,0 - 1,108000
3,3,170.0,Third Floor,6 - 9,110000
3,3,170.0,Third Floor,0 - 1,110000
3,3,170.0,Second Floor,0 - 1,115000
3,3,170.0,Second Floor,0 - 1,115000
3,3,170.0,Ground Floor,10 - 19,120000
3,3,170.0,Third Floor,10 - 19,68000
3,3,170.0,Ground Floor,0 - 1,123000
3,3,170.0,Basement,0 - 1,125000
3,3,170.0,Fifth Floor,0 - 1,129000
3,4,170.0,Third Floor,1 - 5,131000
5,3,170.0,Basement,1 - 5,145000
3,3,170.0,First Floor,1 - 5,74000
3,3,170.0,Ground Floor,10 - 19,75000
3,3,170.0,Ground Floor,0 - 1,85000
3,3,170.0,Ground Floor,10 - 19,120000
3,3,170.0,Ground Floor,0 - 1,100000
3,3,170.0,Basement,6 - 9,70000
3,3,170.0,Second Floor,0 - 1,87000
3,3,170.0,Fourth Floor,6 - 9,75000
3,4,170.0,First Floor,1 - 5,75000
3,3,170.0,Second Floor,10 - 19,75000
3,3,170.0,First Floor,1 - 5,79000
3,3,170.0,First Floor,10 - 19,85000
3,3,170.0,First Floor,1 - 5,85000
3,3,170.0,Third Floor,0 - 1,86000
3,3,170.0,Ground Floor,0 - 1,87000
3,3,170.0,First Floor,0 - 1,87000
3,3,170.0,Ground Floor,0 - 1,88000
3,3,170.0,Second Floor,0 - 1,88000
3,3,170.0,First Floor,0 - 1,88000
3,3,170.0,Third Floor,1 - 5,89000
3,3,170.0,Ground Floor,0 - 1,90000
3,3,170.0,First Floor,6 - 9,90000
3,3,170.0,Ground Floor,0 - 1,93000
3,3,170.0,Ground Floor,0 - 1,95000
3,3,170.0,Ground Floor,0 - 1,95000
3,3,170.0,Ground Floor,0 - 1,95000
3,3,170.0,Second Floor,0 - 1,95000
3,3,170.0,Second Floor,0 - 1,95000
3,3,170.0,Ground Floor,0 - 1,95000
3,3,170.0,Ground Floor,0 - 1,95000
3,3,170.0,Second Floor,1 - 5,97000
3,3,170.0,Second Floor,1 - 5,97000
3,3,171.0,Ground Floor,6 - 9,75000
3,3,171.0,Second Floor,10 - 19,100000
3,3,171.0,Ground Floor,6 - 9,75000
3,3,171.0,Ground Floor,6 - 9,75000
3,3,171.0,Ground Floor,6 - 9,75000
3,3,172.0,First Floor,1 - 5,74000
3,3,172.0,Ground Floor,0 - 1,76000
3,3,172.0,Ground Floor,0 - 1,80000
3,3,172.0,Basement,0 - 1,80000
3,3,173.0,Second Floor,20 - 40,100000
3,3,173.0,Third Floor,0 - 1,85000
3,3,173.0,Basement,10 - 19,81000
3,2,173.0,Ground Floor,10 - 19,60000
3,3,173.0,Second Floor,10 - 19,73000
5,3,173.0,Second Floor,0 - 1,85000
5,3,173.0,First Floor,0 - 1,87000
3,3,173.0,Semi-Ground Floor,0 - 1,88000
3,3,174.0,Ground Floor,0 - 1,108000
3,3,174.0,Second Floor,0 - 1,87000
3,3,174.0,Second Floor,0 - 1,87000
3,3,174.0,Ground Floor,0 - 1,95000
3,3,174.0,Ground Floor,0 - 1,95000
3,3,175.0,First Floor,10 - 19,84500
3,3,175.0,Basement,0 - 1,96000
3,3,175.0,Ground Floor,0 - 1,100000
3,3,175.0,Second Floor,0 - 1,81000
3,3,175.0,Second Floor,0 - 1,81000
3,3,175.0,Third Floor,0 - 1,97000
3,3,175.0,Ground Floor,0 - 1,100000
3,3,175.0,First Floor,0 - 1,88000
3,3,175.0,Second Floor,0 - 1,81000
3,3,175.0,First Floor,0 - 1,88000
3,3,175.0,First Floor,0 - 1,88000
3,3,175.0,First Floor,0 - 1,88000
3,3,175.0,First Floor,0 - 1,88000
3,3,175.0,First Floor,0 - 1,88000
3,3,175.0,Second Floor,0 - 1,81000
3,3,175.0,Ground Floor,0 - 1,100000
3,3,175.0,Ground Floor,0 - 1,100000
3,3,175.0,Ground Floor,0 - 1,100000
3,3,175.0,First Floor,0 - 1,88000
3,3,175.0,Ground Floor,0 - 1,100000
3,3,175.0,Ground Floor,0 - 1,100000
3,3,175.0,Ground Floor,0 - 1,100000
3,3,175.0,Ground Floor,0 - 1,100000
3,3,175.0,First Floor,0 - 1,88000
3,3,175.0,First Floor,0 - 1,88000
3,3,175.0,First Floor,0 - 1,88000
3,3,175.0,First Floor,0 - 1,88000
3,3,175.0,First Floor,0 - 1,88000
3,3,175.0,Ground Floor,0 - 1,100000
3,3,175.0,Ground Floor,0 - 1,100000
3,3,175.0,Fourth Floor,10 - 19,70000
3,3,175.0,Ground Floor,6 - 9,75000
3,3,175.0,First Floor,0 - 1,100000
3,3,175.0,First Floor,0 - 1,88000
3,3,175.0,Ground Floor,6 - 9,100000
3,3,175.0,Ground Floor,0 - 1,105000
3,3,175.0,Ground Floor,0 - 1,105000
3,3,175.0,Ground Floor,0 - 1,105000
3,3,175.0,Third Floor,6 - 9,105000
3,3,175.0,Ground Floor,0 - 1,108000
3,3,175.0,Ground Floor,0 - 1,109000
3,3,175.0,Ground Floor,0 - 1,110000
3,3,175.0,Ground Floor,0 - 1,110000
3,3,175.0,Ground Floor,0 - 1,110000
3,3,175.0,Second Floor,0 - 1,115000
3,3,175.0,Ground Floor,0 - 1,115000
3,3,175.0,First Floor,0 - 1,115000
3,3,175.0,Ground Floor,0 - 1,118000
3,3,175.0,Third Floor,0 - 1,120000
3,3,175.0,Third Floor,0 - 1,120000
3,3,175.0,Third Floor,0 - 1,120000
3,3,175.0,Third Floor,0 - 1,120000
3,3,175.0,Third Floor,0 - 1,120000
3,3,175.0,Third Floor,0 - 1,120000
3,3,175.0,Ground Floor,6 - 9,120000
3,3,175.0,Ground Floor,0 - 1,125000
3,3,175.0,Ground Floor,10 - 19,75000
3,3,175.0,First Floor,10 - 19,70000
3,3,175.0,Basement,6 - 9,78000
3,3,175.0,Second Floor,0 - 1,92000
3,3,175.0,First Floor,0 - 1,100000
3,3,175.0,Third Floor,10 - 19,75000
3,3,175.0,First Floor,6 - 9,80000
3,3,175.0,Third Floor,1 - 5,83000
3,3,175.0,Third Floor,0 - 1,85000
3,3,175.0,Third Floor,0 - 1,85000
3,3,175.0,Second Floor,0 - 1,85000
3,3,175.0,Second Floor,0 - 1,85000
3,3,175.0,First Floor,0 - 1,86000
3,3,175.0,First Floor,0 - 1,88000
3,3,175.0,Semi-Ground Floor,0 - 1,88000
3,3,175.0,Second Floor,0 - 1,90000
3,3,175.0,First Floor,0 - 1,90000
3,3,175.0,First Floor,0 - 1,90000
3,3,175.0,First Floor,0 - 1,95000
3,3,175.0,Second Floor,0 - 1,95000
3,3,175.0,Second Floor,0 - 1,95000
3,3,175.0,Ground Floor,0 - 1,95000
3,3,175.0,Second Floor,0 - 1,95000
3,3,175.0,Second Floor,0 - 1,95000
3,3,175.0,Second Floor,0 - 1,95000
3,3,175.0,Second Floor,0 - 1,95000
3,3,175.0,Second Floor,0 - 1,95000
3,3,175.0,Second Floor,0 - 1,95000
3,3,175.0,First Floor,0 - 1,95000
3,3,175.0,First Floor,0 - 1,95000
3,3,175.0,First Floor,0 - 1,95000
3,3,175.0,First Floor,0 - 1,95000
3,3,175.0,First Floor,0 - 1,95000
3,3,175.0,First Floor,0 - 1,95000
3,3,175.0,First Floor,0 - 1,95000
3,3,175.0,First Floor,0 - 1,95000
3,3,175.0,First Floor,0 - 1,95000
3,3,175.0,Ground Floor,0 - 1,96000
3,3,175.0,Second Floor,1 - 5,90000
3,3,176.0,Ground Floor,6 - 9,70000
3,3,176.0,Third Floor,0 - 1,85000
3,3,177.0,Second Floor,10 - 19,85000
3,3,177.0,Ground Floor,0 - 1,100000
3,3,177.0,Ground Floor,0 - 1,100000
3,3,177.0,Ground Floor,0 - 1,100000
3,3,177.0,Ground Floor,0 - 1,100000
3,3,177.0,Ground Floor,0 - 1,100000
3,3,177.0,Ground Floor,0 - 1,100000
3,3,177.0,Ground Floor,0 - 1,100000
3,3,177.0,Ground Floor,0 - 1,100000
3,3,177.0,Ground Floor,0 - 1,105000
3,3,177.0,Basement,0 - 1,114000
3,3,177.0,Third Floor,10 - 19,83000
3,3,177.0,Third Floor,10 - 19,78000
3,3,177.0,Ground Floor,0 - 1,125000
3,3,177.0,First Floor,0 - 1,80000
3,3,177.0,Third Floor,10 - 19,84000
3,3,177.0,Third Floor,0 - 1,88000
3,3,178.0,Ground Floor,0 - 1,109000
2,2,178.0,Ground Floor,1 - 5,125000
3,3,178.0,Second Floor,10 - 19,69000
3,3,178.0,Third Floor,1 - 5,95000
3,3,178.0,First Floor,1 - 5,95000
3,3,179.0,Third Floor,6 - 9,99000
3,3,180.0,Third Floor,10 - 19,68000
3,3,180.0,First Floor,0 - 1,88000
4,4,180.0,Ground Floor,0 - 1,105000
3,3,180.0,Third Floor,0 - 1,97000
3,3,180.0,Ground Floor,0 - 1,100000
3,3,180.0,Ground Floor,0 - 1,100000
3,3,180.0,Second Floor,0 - 1,81000
3,3,180.0,First Floor,0 - 1,88000
3,4,180.0,First Floor,0 - 1,131000
3,3,180.0,Ground Floor,0 - 1,100000
3,3,180.0,Ground Floor,0 - 1,100000
3,3,180.0,Ground Floor,0 - 1,100000
3,3,180.0,Ground Floor,0 - 1,100000
3,3,180.0,Ground Floor,0 - 1,100000
3,3,180.0,Ground Floor,0 - 1,100000
4,4,180.0,Third Floor,0 - 1,120000
4,4,180.0,Third Floor,0 - 1,120000
4,4,180.0,Third Floor,0 - 1,120000
4,4,180.0,Third Floor,0 - 1,120000
4,4,180.0,Third Floor,0 - 1,120000
4,4,180.0,Third Floor,0 - 1,120000
3,3,180.0,Second Floor,0 - 1,81000
3,3,180.0,Third Floor,0 - 1,97000
3,3,180.0,Ground Floor,0 - 1,100000
3,3,180.0,First Floor,0 - 1,88000
3,3,180.0,Ground Floor,0 - 1,100000
3,3,180.0,Basement,0 - 1,96000
3,3,180.0,Third Floor,0 - 1,97000
3,3,180.0,Ground Floor,0 - 1,100000
3,3,180.0,Ground Floor,0 - 1,100000
3,4,180.0,First Floor,0 - 1,131000
3,4,180.0,First Floor,0 - 1,131000
3,3,180.0,Ground Floor,0 - 1,100000
3,3,180.0,Ground Floor,0 - 1,100000
3,3,180.0,Ground Floor,0 - 1,100000
3,3,180.0,Second Floor,6 - 9,72000
3,4,180.0,Third Floor,0 - 1,95000
4,4,180.0,Basement,1 - 5,107000
4,4,180.0,Basement,1 - 5,107000
3,4,180.0,First Floor,1 - 5,87000
3,4,180.0,First Floor,1 - 5,87000
4,4,180.0,Third Floor,0 - 1,120000
2,3,180.0,Ground Floor,0 - 1,80000
3,3,180.0,First Floor,0 - 1,100000
4,3,180.0,Third Floor,1 - 5,100000
3,3,180.0,First Floor,0 - 1,100000
3,3,180.0,Ground Floor,0 - 1,108000
5,3,180.0,First Floor,0 - 1,104000
3,3,180.0,First Floor,0 - 1,88000
3,3,180.0,Ground Floor,0 - 1,105000
3,3,180.0,Basement,1 - 5,107000
3,3,180.0,Ground Floor,0 - 1,109000
3,3,180.0,Ground Floor,0 - 1,110000
3,3,180.0,Basement,1 - 5,110000
3,3,180.0,Basement,0 - 1,110000
5,3,180.0,Ground Floor,0 - 1,110000
3,3,180.0,Second Floor,0 - 1,111000
3,3,180.0,First Floor,0 - 1,111000
3,3,180.0,Basement,0 - 1,114000
3,3,180.0,Ground Floor,0 - 1,115000
5,3,180.0,Ground Floor,0 - 1,115000
3,3,180.0,Ground Floor,0 - 1,116000
3,3,180.0,Ground Floor,0 - 1,119000
3,3,180.0,Third Floor,0 - 1,120000
3,3,180.0,Basement,0 - 1,79000
3,3,180.0,Ground Floor,6 - 9,120000
3,3,180.0,Ground Floor,0 - 1,120000
3,3,180.0,Second Floor,0 - 1,81000
3,3,180.0,Third Floor,0 - 1,125000
3,3,180.0,Third Floor,0 - 1,125000
3,3,180.0,First Floor,0 - 1,135000
3,3,180.0,Ground Floor,0 - 1,136000
4,3,180.0,Third Floor,1 - 5,138000
4,3,180.0,Third Floor,1 - 5,138000
3,3,180.0,Ground Floor,6 - 9,72000
2,3,180.0,Third Floor,6 - 9,78000
3,3,180.0,Second Floor,1 - 5,81500
3,3,180.0,Ground Floor,10 - 19,79000
3,3,180.0,Ground Floor,10 - 19,68000
3,4,180.0,First Floor,0 - 1,90000
1,1,180.0,Basement,6 - 9,70000
3,3,180.0,Ground Floor,6 - 9,72000
3,3,180.0,Third Floor,10 - 19,75000
3,3,180.0,Third Floor,10 - 19,79000
3,3,180.0,Basement,0 - 1,79000
3,3,180.0,Second Floor,10 - 19,80000
3,3,180.0,Basement,0 - 1,84000
3,3,180.0,Ground Floor,0 - 1,85000
3,3,180.0,Basement,0 - 1,85000
5,3,180.0,Basement,0 - 1,85000
3,4,180.0,First Floor,1 - 5,87000
3,3,180.0,Ground Floor,1 - 5,88000
3,3,180.0,First Floor,0 - 1,88000
3,3,180.0,Second Floor,0 - 1,88000
3,3,180.0,First Floor,0 - 1,88000
3,3,180.0,Basement,1 - 5,88000
4,4,180.0,First Floor,6 - 9,90000
3,3,180.0,First Floor,0 - 1,89000
3,3,180.0,First Floor,0 - 1,89000
3,3,180.0,Second Floor,0 - 1,89000
3,3,180.0,First Floor,0 - 1,89000
4,2,180.0,Second Floor,1 - 5,90000
4,4,180.0,First Floor,0 - 1,90000
3,3,180.0,Ground Floor,0 - 1,90000
3,3,180.0,Second Floor,0 - 1,94000
3,3,180.0,Basement,1 - 5,95000
3,3,180.0,First Floor,0 - 1,95000
3,3,180.0,Second Floor,0 - 1,95000
5,3,180.0,Basement,0 - 1,95000
3,3,180.0,First Floor,0 - 1,95000
3,3,180.0,Fourth Floor,1 - 5,97000
3,3,180.0,First Floor,0 - 1,88000
3,3,180.0,Basement,0 - 1,98000
4,3,181.0,Basement,10 - 19,65000
3,2,181.0,Ground Floor,6 - 9,87000
3,1,181.0,Ground Floor,6 - 9,90000
3,3,182.0,Basement,0 - 1,96000
3,3,182.0,Basement,0 - 1,96000
3,3,182.0,Ground Floor,0 - 1,100000
3,3,182.0,Basement,0 - 1,96000
3,3,182.0,Second Floor,1 - 5,113000
3,3,182.0,Third Floor,0 - 1,89000
3,3,182.0,Third Floor,0 - 1,89000
3,3,183.0,Ground Floor,0 - 1,130000
3,3,183.0,Ground Floor,20 - 40,95000
3,3,184.0,Ground Floor,0 - 1,100000
3,3,184.0,Ground Floor,0 - 1,100000
3,3,184.0,Ground Floor,0 - 1,100000
3,3,184.0,Ground Floor,0 - 1,100000
3,3,184.0,Ground Floor,0 - 1,100000
3,3,184.0,Ground Floor,0 - 1,100000
3,3,184.0,Ground Floor,10 - 19,88000
3,3,184.0,Ground Floor,10 - 19,88000
3,3,185.0,Ground Floor,0 - 1,100000
3,3,185.0,Ground Floor,0 - 1,100000
3,3,185.0,Ground Floor,0 - 1,100000
3,3,185.0,Ground Floor,0 - 1,100000
3,3,185.0,Ground Floor,0 - 1,100000
3,3,185.0,Ground Floor,0 - 1,100000
3,3,185.0,Ground Floor,0 - 1,100000
3,4,185.0,First Floor,0 - 1,131000
3,4,185.0,First Floor,0 - 1,131000
4,4,185.0,First Floor,0 - 1,136000
4,3,185.0,First Floor,0 - 1,81500
3,3,185.0,Second Floor,0 - 1,81000
3,3,185.0,First Floor,0 - 1,88000
4,3,185.0,Third Floor,0 - 1,108000
4,3,185.0,First Floor,0 - 1,81500
4,3,185.0,First Floor,0 - 1,81500
4,3,185.0,First Floor,0 - 1,81500
3,2,185.0,Ground Floor,10 - 19,105000
3,3,185.0,Third Floor,0 - 1,110000
3,3,185.0,Ground Floor,0 - 1,110000
3,3,185.0,Ground Floor,0 - 1,110000
3,3,185.0,Ground Floor,0 - 1,110000
3,3,185.0,Ground Floor,0 - 1,110000
3,3,185.0,Ground Floor,0 - 1,110000
3,3,185.0,Third Floor,0 - 1,120000
3,3,185.0,Third Floor,0 - 1,120000
3,3,185.0,Third Floor,0 - 1,120000
3,3,185.0,Third Floor,0 - 1,120000
4,4,185.0,Third Floor,0 - 1,120000
4,3,185.0,Third Floor,0 - 1,120000
4,4,185.0,Third Floor,0 - 1,120000
4,4,185.0,Third Floor,0 - 1,120000
4,3,185.0,Third Floor,0 - 1,120000
4,4,185.0,Third Floor,0 - 1,120000
3,3,185.0,Ground Floor,0 - 1,145000
3,3,185.0,Ground Floor,0 - 1,145000
3,3,185.0,Ground Floor,6 - 9,100000
3,4,185.0,Basement,0 - 1,83000
4,4,185.0,First Floor,0 - 1,85000
4,3,185.0,Second Floor,0 - 1,90000
3,3,185.0,Second Floor,6 - 9,92000
3,2,185.0,Second Floor,6 - 9,93000
3,3,185.0,Second Floor,6 - 9,95000
4,4,185.0,Second Floor,0 - 1,98000
4,3,185.0,Second Floor,0 - 1,98000
4,3,185.0,First Floor,0 - 1,98000
4,4,185.0,Second Floor,0 - 1,99000
4,4,185.0,Second Floor,0 - 1,99000
3,3,185.0,Ground Floor,0 - 1,99000
3,3,186.0,Third Floor,10 - 19,75000
3,3,186.0,Third Floor,10 - 19,75000
3,3,186.0,Second Floor,10 - 19,73000
3,3,186.0,Ground Floor,10 - 19,95000
3,3,187.0,Third Floor,0 - 1,97000
3,3,187.0,First Floor,0 - 1,88000
3,3,187.0,First Floor,0 - 1,88000
3,3,187.0,Third Floor,0 - 1,97000
3,3,188.0,Third Floor,6 - 9,85000
3,3,189.0,Basement,6 - 9,110000
3,3,189.0,First Floor,10 - 19,80000
3,3,189.0,Ground Floor,20 - 40,95000
1,5,189.0,First Floor,6 - 9,100000
3,3,189.0,Basement,6 - 9,110000
3,3,189.0,Ground Floor,0 - 1,122000
3,3,190.0,First Floor,0 - 1,88000
3,3,190.0,Ground Floor,10 - 19,75000
3,3,190.0,Basement,0 - 1,100000
3,4,190.0,First Floor,1 - 5,100000
1,5,190.0,First Floor,6 - 9,100000
3,3,190.0,First Floor,0 - 1,88000
3,3,190.0,Second Floor,0 - 1,105000
3,3,190.0,Second Floor,0 - 1,110000
3,3,190.0,First Floor,0 - 1,110000
3,3,190.0,Second Floor,6 - 9,110000
3,3,190.0,Basement,0 - 1,115000
3,3,190.0,Ground Floor,0 - 1,124000
3,3,190.0,First Floor,0 - 1,125000
3,3,190.0,Ground Floor,0 - 1,125000
3,3,190.0,Ground Floor,0 - 1,128000
3,3,190.0,Ground Floor,0 - 1,138000
3,3,190.0,Ground Floor,0 - 1,98000
3,3,190.0,Basement,1 - 5,70000
3,3,190.0,Third Floor,1 - 5,70000
3,3,190.0,First Floor,1 - 5,85000
3,3,190.0,First Floor,0 - 1,89000
3,3,190.0,First Floor,0 - 1,92000
3,3,190.0,Third Floor,0 - 1,95000
3,3,190.0,Third Floor,0 - 1,95000
3,3,190.0,Third Floor,0 - 1,95000
3,3,190.0,Third Floor,0 - 1,95000
3,3,190.0,Third Floor,0 - 1,95000
3,3,190.0,Third Floor,0 - 1,95000
3,3,190.0,Third Floor,0 - 1,95000
3,3,190.0,Third Floor,0 - 1,95000
3,3,190.0,Ground Floor,1 - 5,95000
3,3,190.0,Ground Floor,1 - 5,97000
3,3,190.0,Second Floor,0 - 1,98000
3,3,191.0,Basement,0 - 1,90000
3,3,191.0,Basement,6 - 9,80000
4,4,192.0,First Floor,0 - 1,136000
4,4,192.0,First Floor,0 - 1,136000
3,3,192.0,Ground Floor,0 - 1,100000
3,3,192.0,Basement,0 - 1,96000
3,3,192.0,Basement,0 - 1,96000
3,3,192.0,Ground Floor,0 - 1,100000
3,3,192.0,Ground Floor,0 - 1,100000
3,3,192.0,Ground Floor,0 - 1,100000
3,3,192.0,Ground Floor,0 - 1,100000
3,3,192.0,Ground Floor,0 - 1,100000
3,3,192.0,Third Floor,6 - 9,95000
3,3,192.0,Basement,0 - 1,96000
3,3,192.0,Basement,0 - 1,96000
3,3,192.0,Basement,0 - 1,96000
3,3,192.0,Basement,0 - 1,96000
3,3,192.0,Semi-Ground Floor,0 - 1,88000
3,3,192.0,Semi-Ground Floor,0 - 1,88000
3,3,192.0,Ground Floor,0 - 1,100000
3,3,192.0,Ground Floor,0 - 1,100000
3,3,192.0,Ground Floor,0 - 1,100000
3,3,192.0,Ground Floor,0 - 1,100000
3,3,192.0,Third Floor,0 - 1,97000
3,3,193.0,Basement,10 - 19,78000
3,3,193.0,Third Floor,6 - 9,83000
3,3,193.0,First Floor,0 - 1,88000
3,3,194.0,Second Floor,1 - 5,125000
3,3,195.0,Ground Floor,0 - 1,100000
3,2,195.0,Ground Floor,0 - 1,110000
3,3,195.0,First Floor,0 - 1,110000
3,3,195.0,Third Floor,0 - 1,115000
3,3,195.0,Second Floor,1 - 5,110000
3,3,195.0,Third Floor,0 - 1,95000
3,3,195.0,Third Floor,0 - 1,95000
4,4,195.0,Third Floor,0 - 1,99000
3,3,196.0,First Floor,10 - 19,105000
3,3,197.0,Third Floor,0 - 1,97000
3,3,197.0,Second Floor,0 - 1,81000
3,3,197.0,Second Floor,1 - 5,127000
3,3,197.0,Third Floor,0 - 1,97000
3,3,198.0,First Floor,0 - 1,90000
3,3,198.0,First Floor,0 - 1,90000
3,3,198.0,Basement,1 - 5,95000
3,3,200.0,Basement,0 - 1,96000
3,4,200.0,First Floor,1 - 5,87000
3,3,200.0,First Floor,0 - 1,88000
3,3,200.0,Second Floor,6 - 9,72000
4,4,200.0,Ground Floor,1 - 5,100000
3,3,200.0,Third Floor,6 - 9,84000
3,3,200.0,Ground Floor,0 - 1,105000
3,3,200.0,Ground Floor,0 - 1,105000
3,3,200.0,Ground Floor,0 - 1,105000
3,3,200.0,Ground Floor,0 - 1,105000
3,3,200.0,Ground Floor,0 - 1,105000
3,3,200.0,Ground Floor,0 - 1,105000
3,3,200.0,Ground Floor,0 - 1,105000
3,3,200.0,Ground Floor,0 - 1,105000
3,3,200.0,Ground Floor,0 - 1,105000
3,3,200.0,Ground Floor,0 - 1,105000
3,3,200.0,Ground Floor,0 - 1,105000
3,3,200.0,Ground Floor,0 - 1,105000
3,3,200.0,Ground Floor,0 - 1,105000
3,3,200.0,Ground Floor,0 - 1,105000
4,4,200.0,Third Floor,0 - 1,105000
5,3,200.0,Second Floor,0 - 1,105000
5,3,200.0,Second Floor,0 - 1,105000
4,4,200.0,Third Floor,0 - 1,108000
5,3,200.0,First Floor,0 - 1,108000
4,4,200.0,Ground Floor,1 - 5,109000
3,4,200.0,Ground Floor,0 - 1,109000
3,3,200.0,Ground Floor,0 - 1,110000
5,3,200.0,Basement,1 - 5,110000
5,3,200.0,First Floor,0 - 1,110000
3,4,200.0,Third Floor,0 - 1,115000
3,4,200.0,Third Floor,0 - 1,115000
3,4,200.0,Third Floor,0 - 1,115000
3,4,200.0,Third Floor,0 - 1,115000
5,3,200.0,First Floor,0 - 1,115000
3,3,200.0,Second Floor,0 - 1,118000
3,3,200.0,First Floor,0 - 1,118000
4,4,200.0,Ground Floor,0 - 1,125000
3,3,200.0,First Floor,0 - 1,125000
5,3,200.0,Ground Floor,0 - 1,125000
3,3,200.0,Ground Floor,0 - 1,127000
4,4,200.0,Third Floor,0 - 1,130000
4,4,200.0,Third Floor,0 - 1,130000
3,3,200.0,Ground Floor,1 - 5,135000
3,3,200.0,Basement,0 - 1,68000
3,3,200.0,Ground Floor,10 - 19,73000
3,3,200.0,Third Floor,6 - 9,75000
5,3,200.0,Basement,0 - 1,75000
3,3,200.0,Third Floor,6 - 9,77000
3,3,200.0,Basement,1 - 5,79000
3,4,200.0,First Floor,1 - 5,87000
3,3,200.0,Third Floor,6 - 9,84000
3,3,200.0,Third Floor,6 - 9,84000
3,3,200.0,Second Floor,10 - 19,92000
3,3,200.0,Third Floor,0 - 1,97000
3,3,200.0,Third Floor,0 - 1,97000
3,3,200.0,Third Floor,0 - 1,97000
3,3,200.0,Third Floor,0 - 1,97000
3,3,200.0,Third Floor,0 - 1,97000
3,3,200.0,Third Floor,0 - 1,97000
3,3,200.0,Third Floor,0 - 1,97000
3,3,200.0,Third Floor,0 - 1,97000
3,3,200.0,Third Floor,0 - 1,97000
3,3,200.0,Third Floor,0 - 1,97000
3,3,200.0,Ground Floor,0 - 1,97000
3,3,200.0,Ground Floor,0 - 1,98000
4,4,200.0,Third Floor,0 - 1,99000
4,4,200.0,Ground Floor,1 - 5,99000
4,4,200.0,Ground Floor,1 - 5,99000
4,4,201.0,Ground Floor,1 - 5,109000
3,3,203.0,Ground Floor,0 - 1,135000
3,4,204.0,Second Floor,6 - 9,150000
3,3,204.0,Third Floor,0 - 1,97000
4,4,205.0,Second Floor,0 - 1,124500
3,3,205.0,Second Floor,0 - 1,81000
3,3,205.0,Third Floor,0 - 1,97000
3,3,205.0,Third Floor,0 - 1,97000
3,3,205.0,Third Floor,0 - 1,97000
3,3,205.0,Third Floor,0 - 1,97000
3,3,205.0,Third Floor,0 - 1,97000
3,3,205.0,Third Floor,0 - 1,97000
3,3,205.0,Ground Floor,0 - 1,100000
3,3,205.0,Third Floor,0 - 1,97000
3,3,205.0,First Floor,1 - 5,90000
3,3,205.0,Second Floor,0 - 1,115000
3,3,205.0,Ground Floor,0 - 1,119000
3,3,205.0,Ground Floor,0 - 1,119000
4,4,205.0,Third Floor,6 - 9,120000
3,3,205.0,First Floor,0 - 1,125000
3,3,205.0,Third Floor,0 - 1,140000
2,3,205.0,Ground Floor,0 - 1,85000
3,3,205.0,First Floor,6 - 9,97000
3,3,205.0,First Floor,6 - 9,98000
3,3,205.0,First Floor,1 - 5,98000
3,3,206.0,Ground Floor,6 - 9,120000
3,3,206.0,Ground Floor,0 - 1,140000
3,3,207.0,First Floor,6 - 9,87000
3,3,208.0,First Floor,0 - 1,118000
3,3,208.0,Third Floor,1 - 5,125000
3,3,208.0,Basement,1 - 5,98000
3,3,209.0,Third Floor,0 - 1,115000
4,4,210.0,Third Floor,0 - 1,129000
3,3,210.0,First Floor,6 - 9,88000
5,3,210.0,First Floor,1 - 5,98000
3,3,210.0,Ground Floor,1 - 5,99000
3,2,210.0,First Floor,10 - 19,97000
3,3,210.0,Third Floor,1 - 5,79000
4,3,210.0,Third Floor,0 - 1,108000
3,3,210.0,Basement,0 - 1,96000
3,3,210.0,Ground Floor,1 - 5,88000
4,4,210.0,Third Floor,1 - 5,87500
3,3,210.0,First Floor,0 - 1,100000
3,3,210.0,First Floor,0 - 1,100000
3,3,210.0,Ground Floor,1 - 5,105000
2,2,210.0,Third Floor,0 - 1,110000
3,3,210.0,Ground Floor,0 - 1,110000
3,3,210.0,Third Floor,6 - 9,110000
3,3,210.0,Third Floor,0 - 1,110000
3,3,210.0,Ground Floor,1 - 5,110000
3,3,210.0,Third Floor,6 - 9,110000
3,3,210.0,First Floor,1 - 5,110000
4,4,210.0,Third Floor,0 - 1,115000
3,3,210.0,Basement,0 - 1,115000
3,3,210.0,First Floor,0 - 1,117000
4,4,210.0,Third Floor,0 - 1,120000
3,3,210.0,Basement,1 - 5,125000
3,3,210.0,Basement,0 - 1,125000
3,3,210.0,Ground Floor,1 - 5,125000
3,3,210.0,Ground Floor,0 - 1,128000
4,4,210.0,Third Floor,0 - 1,129000
3,3,210.0,Ground Floor,0 - 1,135000
3,3,210.0,Ground Floor,0 - 1,138000
3,3,210.0,Ground Floor,0 - 1,138000
3,3,210.0,Third Floor,0 - 1,150000
3,3,210.0,Third Floor,0 - 1,150000
3,3,210.0,Ground Floor,6 - 9,65000
4,4,210.0,First Floor,6 - 9,148000
3,4,210.0,Second Floor,6 - 9,68000
3,3,210.0,Third Floor,10 - 19,75000
3,3,210.0,Basement,0 - 1,85000
4,4,210.0,Third Floor,0 - 1,90000
3,3,210.0,First Floor,6 - 9,95000
3,3,210.0,First Floor,0 - 1,95000
3,3,210.0,First Floor,6 - 9,97000
3,2,210.0,First Floor,10 - 19,97000
3,3,210.0,Second Floor,10 - 19,82000
3,3,210.0,Ground Floor,1 - 5,99000
3,3,211.0,Ground Floor,1 - 5,100000
4,4,211.0,Third Floor,0 - 1,103000
4,4,211.0,First Floor,1 - 5,148000
3,3,211.0,Basement,1 - 5,97000
4,5,212.0,Third Floor,0 - 1,105000
4,4,212.0,Third Floor,0 - 1,105000
3,4,213.0,Second Floor,6 - 9,110000
3,4,213.0,First Floor,6 - 9,125000
4,3,215.0,Third Floor,0 - 1,108000
3,4,215.0,Ground Floor,1 - 5,115000
4,3,216.0,Second Floor,10 - 19,115000
4,3,216.0,Second Floor,10 - 19,115000
4,3,216.0,Second Floor,6 - 9,80000
3,3,217.0,First Floor,20 - 40,75000
3,3,218.0,Third Floor,0 - 1,128000
4,4,220.0,Third Floor,0 - 1,120000
3,3,220.0,Third Floor,0 - 1,97000
3,3,220.0,Third Floor,0 - 1,97000
3,3,220.0,Third Floor,0 - 1,97000
3,3,220.0,Third Floor,0 - 1,97000
4,4,220.0,Third Floor,0 - 1,115000
4,4,220.0,Third Floor,0 - 1,115000
4,4,220.0,Third Floor,0 - 1,115000
4,4,220.0,Third Floor,0 - 1,120000
3,3,220.0,Ground Floor,0 - 1,125000
3,3,220.0,Ground Floor,0 - 1,125000
3,3,220.0,Ground Floor,0 - 1,125000
4,3,220.0,Ground Floor,0 - 1,125000
4,4,220.0,Third Floor,0 - 1,129000
4,3,220.0,Second Floor,6 - 9,135000
4,3,220.0,Second Floor,10 - 19,150000
3,3,220.0,Ground Floor,6 - 9,89000
4,4,220.0,Third Floor,1 - 5,90000
3,5,221.0,Basement,0 - 1,105000
3,5,221.0,Basement,0 - 1,105000
4,4,221.0,First Floor,6 - 9,96000
3,3,222.0,Ground Floor,0 - 1,125000
3,3,222.0,Third Floor,0 - 1,95000
3,4,223.0,Third Floor,1 - 5,110000
3,3,225.0,Basement,0 - 1,103000
3,3,225.0,Basement,0 - 1,103000
3,3,225.0,Basement,10 - 19,68000
4,3,225.0,Basement,6 - 9,87000
3,3,228.0,Basement,0 - 1,115000
3,3,228.0,Third Floor,0 - 1,128000
4,4,228.0,Second Floor,0 - 1,149000
3,3,228.0,Basement,0 - 1,98000
3,3,228.0,Basement,0 - 1,98000
3,3,229.0,Third Floor,0 - 1,118000
4,4,229.0,Second Floor,0 - 1,149000
3,3,230.0,Third Floor,1 - 5,100000
3,3,230.0,Ground Floor,10 - 19,110000
3,3,230.0,Basement,0 - 1,110000
3,3,230.0,Basement,0 - 1,114000
4,4,230.0,Third Floor,0 - 1,115000
4,4,230.0,Ground Floor,0 - 1,120000
4,4,230.0,Third Floor,0 - 1,120000
4,4,230.0,Ground Floor,0 - 1,120000
4,4,230.0,Second Floor,0 - 1,120000
4,4,230.0,Ground Floor,6 - 9,122000
4,4,230.0,Third Floor,6 - 9,124000
4,4,230.0,Ground Floor,0 - 1,130000
4,4,230.0,Basement,0 - 1,135000
5,3,230.0,Third Floor,20 - 40,95000
4,4,230.0,Basement,6 - 9,67000
4,4,230.0,Basement,6 - 9,67000
3,2,230.0,Ground Floor,10 - 19,50000
3,3,230.0,Third Floor,10 - 19,90000
4,4,233.0,First Floor,6 - 9,120000
4,4,233.0,Second Floor,0 - 1,122000
4,4,233.0,First Floor,0 - 1,122000
4,4,233.0,Ground Floor,0 - 1,140000
4,4,233.0,First Floor,6 - 9,110000
4,5,233.0,Basement,6 - 9,93000
4,4,235.0,Basement,1 - 5,107000
4,4,235.0,Third Floor,0 - 1,120000
4,4,235.0,Third Floor,0 - 1,120000
4,4,235.0,Basement,1 - 5,105000
3,4,235.0,Third Floor,0 - 1,110000
4,4,235.0,First Floor,6 - 9,115000
4,4,235.0,First Floor,0 - 1,125000
4,4,235.0,First Floor,0 - 1,125000
4,3,235.0,Third Floor,0 - 1,140000
4,5,235.0,Ground Floor,0 - 1,140000
3,4,235.0,Third Floor,0 - 1,110000
3,5,235.0,Ground Floor,0 - 1,99000
3,5,235.0,Ground Floor,0 - 1,99000
4,4,236.0,Second Floor,0 - 1,126000
4,4,236.0,Second Floor,0 - 1,126000
4,5,238.0,Ground Floor,1 - 5,152000
4,4,239.0,Basement,0 - 1,115000
4,4,239.0,Second Floor,0 - 1,124000
4,4,239.0,First Floor,0 - 1,124000
4,4,239.0,Third Floor,0 - 1,125000
3,3,240.0,Ground Floor,10 - 19,75000
3,4,240.0,Third Floor,1 - 5,105000
4,5,240.0,Ground Floor,1 - 5,152000
4,5,240.0,Ground Floor,1 - 5,152000
3,3,240.0,Basement,1 - 5,110000
4,4,240.0,Ground Floor,0 - 1,108000
5,3,240.0,Basement,0 - 1,110000
4,4,240.0,Second Floor,0 - 1,124000
4,4,240.0,First Floor,0 - 1,124000
4,4,240.0,Third Floor,0 - 1,125000
4,4,240.0,First Floor,0 - 1,125000
4,4,240.0,Second Floor,0 - 1,125000
4,4,240.0,First Floor,1 - 5,125000
4,4,240.0,First Floor,0 - 1,128000
4,4,240.0,Ground Floor,0 - 1,135000
4,4,240.0,Ground Floor,0 - 1,135000
4,3,240.0,First Floor,1 - 5,135000
4,4,240.0,Third Floor,0 - 1,137000
5,4,240.0,Basement,1 - 5,90000
5,4,240.0,Basement,1 - 5,90000
4,4,241.0,First Floor,0 - 1,120000
4,4,242.0,Ground Floor,0 - 1,138000
4,4,242.0,Ground Floor,0 - 1,138000
4,4,242.0,Ground Floor,0 - 1,140000
3,3,244.0,Ground Floor,0 - 1,143000
3,3,244.0,Ground Floor,0 - 1,143000
3,3,245.0,Basement,0 - 1,109000
4,4,245.0,Ground Floor,1 - 5,115000
4,4,245.0,Ground Floor,1 - 5,115000
4,4,245.0,Ground Floor,1 - 5,115000
3,3,247.0,Basement,0 - 1,96000
3,3,247.0,Basement,0 - 1,96000
3,3,247.0,Basement,0 - 1,96000
3,3,247.0,Basement,0 - 1,96000
3,3,247.0,Basement,0 - 1,96000
3,3,247.0,Basement,0 - 1,96000
3,3,248.0,Third Floor,0 - 1,138000
3,3,250.0,Basement,0 - 1,96000
3,3,250.0,Basement,0 - 1,96000
4,4,250.0,Ground Floor,6 - 9,100000
4,4,250.0,Basement,1 - 5,109000
3,4,250.0,Ground Floor,0 - 1,109000
3,3,250.0,Ground Floor,0 - 1,125000
5,4,250.0,Basement,0 - 1,125000
4,4,250.0,Basement,0 - 1,135000
4,5,250.0,Ground Floor,1 - 5,152000
3,2,250.0,Ground Floor,6 - 9,63000
3,3,250.0,Basement,0 - 1,99000
3,3,250.0,Ground Floor,0 - 1,99000
4,4,250.0,Basement,0 - 1,99000
3,3,252.0,Third Floor,6 - 9,105000
3,3,252.0,Third Floor,10 - 19,69000
4,4,255.0,First Floor,0 - 1,136000
4,4,255.0,First Floor,0 - 1,136000
4,4,255.0,Second Floor,0 - 1,124500
4,4,255.0,Second Floor,0 - 1,124500
4,4,255.0,Basement,0 - 1,105000
4,3,255.0,Ground Floor,6 - 9,120000
4,4,255.0,Third Floor,0 - 1,144000
4,4,255.0,Third Floor,0 - 1,150000
3,3,257.0,Ground Floor,0 - 1,103000
4,4,260.0,Fourth Floor,20 - 40,119000
3,3,260.0,Third Floor,1 - 5,96000
